,id,name,type,ra,dec,const,majax,minax,pa,bmag,vmag,jmag,hmag,kmag,sbrightn,hubble,parallax,pmra,pmdec,radvel,redshift,cstarumag,cstarbmag,cstarvmag,messier,ngc,ic,cstarnames,identifiers,commonnames,nednotes,ongcnotes,notngc,KStars_Type,ra_degrees,dec_degrees
4903,4904,IC4715,*Ass,4.786283312032043,-0.3231399539878524,Sgr,120.0,60.0,90.0,,4.5,,,,,,,,,,,,,,024,,,,,Small Sgr Star Cloud,Milky Way star cloud.,,False,1,274.23383333333334,-18.514555555555557
4913,4914,IC4725,OCl,4.851053207794075,-0.3336187168913539,Sgr,14.1,,,5.29,4.6,,,,,,1.5043,-1.72,-6.101,3.0,1e-05,,,,025,,,,MWSC 2940,,,,False,3,277.944875,-19.114944444444447
5810,5811,NGC0205,G,0.17613862811126774,0.7275458316443284,And,16.22,9.59,170.0,8.9,8.15,6.45,5.87,5.59,23.78,E,,,,-246.0,-0.00082,,,,110,,,,"2MASX J00402207+4141070,IRAS 00376+4124,MCG +07-02-014,PGC 002429,UGC 00426",,,,False,8,10.092,41.68530555555555
5826,5827,NGC0221,G,0.1863015349015264,0.7132336469642938,And,7.74,4.86,170.0,8.89,8.13,6.28,5.37,5.1,22.17,E,,-17.0,-5.0,-199.0,-0.000664,,,,032,,,,"2MASX J00424182+4051546,IRAS 00399+4035,MCG +07-02-015,PGC 002555,UGC 00452",,,,False,8,10.674291666666669,40.86527777777778
5829,5830,NGC0224,G,0.1864847944729858,0.720280898632902,And,177.83,69.66,35.0,4.29,3.44,2.09,1.28,0.98,23.63,Sb,6.0,,,-300.0,-0.001,,,,031,,,,"2MASX J00424433+4116074,IRAS 00400+4059,MCG +07-02-016,PGC 002557,UGC 00454",Andromeda Galaxy,,,False,8,10.684791666666667,41.26905555555555
6212,6213,NGC0581,OCl,0.4073751190464315,1.0586818176747204,Cas,4.5,,,7.72,7.4,,,,,,0.373,-1.384,-0.497,-46.0,-0.000152,,,,103,,,,MWSC 0124,,,,False,3,23.340875000000004,60.658
6229,6230,NGC0598,G,0.40948987632343126,0.5351218271709103,Tri,62.09,36.73,23.0,6.35,5.79,5.04,4.35,4.1,23.61,Sc,,,,-179.0,-0.000598,,,,033,,,,"2MASX J01335090+3039357,IRAS 01310+3024,MCG +05-04-069,PGC 005818,UGC 01117","Triangulum Galaxy,Triangulum Pinwheel",,,False,8,23.462041666666668,30.66022222222222
6259,6260,NGC0628,G,0.4219151661565876,0.2754769513706117,Psc,9.89,9.33,87.0,9.71,9.31,7.63,7.04,6.85,23.37,Sc,,,,655.0,0.002188,,,,074,,,,"2MASX J01364177+1547004,IRAS 01340+1532,MCG +03-05-011,PGC 005974,UGC 01149",,,,False,8,24.173958333333335,15.783666666666669
6286,6287,NGC0650,PN,0.446490856465711,0.9001618035486544,Per,1.12,,,12.2,10.1,,,,,,,-0.254,-4.165,-24.0,-7.9e-05,,,17.48,076,0651,,,"2MASX J01421808+5134243,IRAS 01391+5119,PN G130.9-10.5","Barbell Nebula,Cork Nebula,Little Dumbbell Nebula",The 2MASX position is centered on a superposed star.,,False,6,25.582041666666665,51.575472222222224
6696,6697,NGC1039,OCl,0.7073964902437351,0.7460608661259017,Per,22.5,,,5.37,5.2,,,,,,1.9536,0.726,-5.732,-10.0,-3.3e-05,,,,034,,,,MWSC 0223,,,,False,3,40.53083333333334,42.74613888888889
6728,6729,NGC1068,G,0.7098188618013989,-0.0002317409395703582,Cet,6.11,5.61,12.0,9.74,9.29,6.97,6.26,5.79,22.35,Sb,,,,1140.0,0.00381,,,,077,,,,"2MASX J02424077-0000478,IRAS 02401-0013,MCG +00-07-083,PGC 010266,UGC 02188",,,,False,8,40.669625,-0.013277777777777779
7601,7602,NGC1904,GCl,1.4144868206478494,-0.4280284242685382,Lep,7.2,,,9.21,8.16,,,,,,0.037,2.47,-1.59,206.0,0.000687,,,,079,,,,MWSC 0528,,,,False,14,81.044125,-24.52422222222222
7609,7610,NGC1912,OCl,1.434259946631902,0.6257863488615235,Aur,9.6,,,6.69,6.4,,,,,,0.874,1.58,-4.424,-1.0,-2e-06,,,,038,,,,MWSC 0557,,,,False,3,82.17704166666668,35.85491666666667
7649,7650,NGC1952,SNR,1.4596748494230258,0.3842250233666105,Tau,8.0,4.0,,,8.4,,,,,,,,,,,,,,001,,,,"IRAS 05315+2158,LBN 833",Crab Nebula,Position is for the Crab pulsar.,,False,7,83.63320833333333,22.01447222222222
7657,7658,NGC1960,OCl,1.4673666608806692,0.595868496600254,Aur,7.2,,,6.09,6.0,,,,,,0.835,-0.155,-3.388,-1.0,-4e-06,,,,036,,,,MWSC 0594,,,,False,3,84.07391666666668,34.14075
7673,7674,NGC1976,Cl+N,1.4629117079649538,-0.09406742891832104,Ori,90.0,60.0,,4.0,4.0,,,,,,,1.67,-0.3,28.0,9.3e-05,,,,042,,,,"LBN 974,MWSC 0582","Great Orion Nebula,Orion Nebula",,,False,5,83.81866666666666,-5.389666666666666
7679,7680,NGC1982,HII,1.4639952665422338,-0.0919347335351202,Ori,20.0,15.0,,9.0,9.0,,,,,,,,,,,,,,043,,,,2MASS J05353135-0516026,Mairan's Nebula,,,False,5,83.88075,-5.2674722222222226
7765,7766,NGC2068,RfN,1.5130419274053608,0.0013841430595677253,Ori,4.5,,,8.0,8.0,,,,,,,-0.93,-4.5,63.0,0.000211,,,,078,,,,MWSC 0664,,,,False,5,86.69091666666667,0.07930555555555556
7796,7797,NGC2099,OCl,1.537224191412264,0.568157031401714,Aur,11.4,,,6.19,5.6,,,,,,0.666,1.924,-5.648,8.0,2.6e-05,,,,037,,,,MWSC 0689,,,,False,3,88.07645833333333,32.553
7868,7869,NGC2168,OCl,1.6104342085487313,0.4247893840650454,Gem,24.0,,,5.31,5.1,,,,,,1.1301,2.278,-2.934,-6.0,-2.1e-05,,,,035,,,,MWSC 0754,,,,False,3,92.27108333333334,24.338638888888887
7991,7992,NGC2287,OCl,1.7715048274511147,-0.36222951146835203,CMa,12.0,,,4.89,4.5,,,,,,1.36,-4.339,-1.381,24.0,7.8e-05,,,,041,,,,MWSC 0978,,,,False,3,101.49975,-20.75422222222222
8027,8028,NGC2323,OCl,1.8442654223051933,-0.14597982345048685,Mon,14.1,,,6.27,5.9,,,,,,1.0012,-0.798,-0.654,12.0,3.9e-05,,,,050,,,,MWSC 1072,,,,False,3,105.668625,-8.364027777777778
8133,8134,NGC2422,OCl,1.9922220735404041,-0.25276924817480323,Pup,19.8,,,4.42,4.4,,,,,,2.069,-7.02,0.959,34.0,0.000114,,,,047,2478,,,MWSC 1278,,,,False,3,114.14591666666668,-14.482611111111112
8150,8151,NGC2437,OCl,2.014896809405897,-0.2584832622203602,Pup,21.0,,,6.33,6.1,,,,,,0.6005,-3.823,0.373,49.0,0.000164,,,,046,,,,MWSC 1313,,,,False,3,115.44508333333334,-14.81
8160,8161,NGC2447,OCl,2.026707597898247,-0.41631484091925075,Pup,15.0,,,6.57,6.2,,,,,,0.9603,-3.568,5.043,22.0,7.2e-05,,,,093,,,,MWSC 1324,,,,False,3,116.12179166666667,-23.853083333333334
8265,8266,NGC2548,OCl,2.154258441295558,-0.1003641890085717,Hya,28.2,,,6.11,5.8,,,,,,1.2897,-1.33,1.016,42.0,0.000138,,,,048,,,,MWSC 1454,,,,False,3,123.42991666666668,-5.750444444444445
8352,8353,NGC2632,OCl,2.2705424571507233,0.3433421400796867,Cnc,108.6,,,3.46,3.1,,,,,,5.371,-36.047,-12.917,35.0,0.000116,,,,044,,,,MWSC 1527,"Beehive,Praesepe Cluster",,,False,3,130.0925,19.672055555555556
8404,8405,NGC2682,OCl,2.318388476932583,0.206157321618208,Cnc,33.0,,,7.6,6.9,,,,,,1.1325,-10.974,-2.94,34.0,0.000113,,,,067,,,,MWSC 1585,,,,False,3,132.833875,11.811944444444444
8779,8780,NGC3031,G,2.5985894528119253,1.2054169808403759,UMa,21.63,11.25,157.0,7.79,6.92,4.76,4.09,3.83,22.78,Sab,,-0.005,-0.019,-42.0,-0.00014,,,,081,,,,"2MASX J09553318+6903549,IRAS 09514+6918,MCG +12-10-010,PGC 028630,SDSS J095533.16+690355.1,UGC 05318",Bode's Galaxy,,,False,8,148.88820833333332,69.06530555555555
8782,8783,NGC3034,G,2.600011896152301,1.2161347568886645,UMa,10.99,5.11,66.0,8.94,8.3,5.84,5.07,4.67,22.22,S?,,,,219.0,0.00073,,,,082,,,,"2MASX J09555243+6940469,IRAS 09517+6954,MCG +12-10-011,PGC 028655,SDSS J095551.73+694048.6,UGC 05322",Cigar Galaxy,,,False,8,148.96970833333333,69.6793888888889
9144,9145,NGC3351,G,2.809812834990888,0.20426994195764855,Leo,7.23,4.45,11.0,10.58,9.77,7.57,6.95,6.67,23.26,Sb,,,,766.0,0.00256,,,,095,,,,"2MASX J10435773+1142129,IRAS 10413+1158,MCG +02-28-001,PGC 032007,SDSS J104357.69+114213.6,SDSS J104357.70+114213.7,UGC 05850",,,,False,8,160.99041666666668,11.703805555555554
9161,9162,NGC3368,G,2.8220330486369347,0.2062969479583675,Leo,8.26,5.51,5.0,10.08,9.21,7.24,6.57,6.32,23.14,Sab,,,,902.0,0.003012,,,,096,,,,"2MASX J10464574+1149117,IRAS 10441+1205,MCG +02-28-006,PGC 032192,SDSS J104645.67+114911.8,UGC 05882",,,,False,8,161.69058333333334,11.819944444444443
9173,9174,NGC3379,G,2.8266763516677615,0.219590539094391,Leo,4.89,4.25,71.0,10.23,9.27,7.17,6.49,6.27,22.54,E,,,,875.0,0.002922,,,,105,,,,"2MASX J10474959+1234538,MCG +02-28-011,PGC 032256,UGC 05902",,,,False,8,161.956625,12.58161111111111
9366,9367,NGC3556,G,2.930042022176082,0.9716965470100475,UMa,3.98,1.66,79.0,10.7,10.05,8.02,7.37,7.04,21.7,Sc,,,,697.0,0.002328,,,,108,,,,"2MASX J11113096+5540268,IRAS 11085+5556,MCG +09-18-098,PGC 034030,SDSS J111131.06+554027.4,UGC 06225",,,,False,8,167.87904166666667,55.67411111111111
9400,9401,NGC3587,PN,2.9443493587193057,0.9602631859684413,UMa,3.58,,,11.6,9.9,16.71,,,,,1.1371,-0.044,1.051,0.0,0.0,14.36,15.66,16.01,097,,,,"IRAS 11119+5517,PN G148.4+57.0,SDSS J111447.71+550108.5",Owl Nebula,,,False,6,168.69879166666666,55.01902777777778
9437,9438,NGC3623,G,2.9623996992875354,0.22850480824895206,Leo,7.64,1.97,173.0,10.14,9.32,6.99,6.31,6.07,22.73,Sa,,,,761.0,0.00254,,,,065,,,,"2MASX J11185595+1305319,IRAS 11163+1322,MCG +02-29-018,PGC 034612,UGC 06328",,,,False,8,169.733,13.092361111111112
9441,9442,NGC3627,G,2.9681476502907698,0.22674493458652442,Leo,10.28,4.61,168.0,9.73,8.92,6.84,6.15,5.88,22.96,Sb,,,,702.0,0.00234,,,,066,,,,"2MASX J11201502+1259286,IRAS 11176+1315,MCG +02-29-019,PGC 034695,SDSS J112014.98+125929.4,UGC 06346",,The position in 1989H&RHI.C...0000H is incorrect.,,False,8,170.06233333333333,12.991527777777778
9831,9832,NGC3992,G,3.1311192236367837,0.9315612464193945,UMa,8.07,5.64,78.0,10.48,9.88,7.85,7.19,6.94,23.45,Sbc,,,,1046.0,0.003496,,,,109,,,,"2MASX J11573598+5322282,IRAS 11549+5339,MCG +09-20-044,PGC 037617,SDSS J115735.96+532228.9,UGC 06937",,,,False,8,179.39991666666666,53.37452777777778
10043,10044,NGC4192,G,3.2018276021787258,0.26005987631132843,Com,11.04,2.66,152.0,10.82,10.84,7.82,7.1,6.89,23.89,SABb,,,,-120.0,-0.0004,,,,098,,,,"2MASX J12134829+1454016,IRAS 12112+1510,MCG +03-31-079,PGC 039028,SDSS J121348.28+145401.6,UGC 07231",,,,False,8,183.45120833333334,14.900333333333334
10109,10110,NGC4254,G,3.2237394837169933,0.25161539161376256,Com,5.04,4.74,23.0,10.4,9.84,7.89,7.25,6.93,22.6,Sc,,,,2399.0,0.008036,,,,099,,,,"2MASX J12184962+1424593,IRAS 12162+1441,MCG +03-31-099,PGC 039578,SDSS J121849.60+142459.4,UGC 07345","Coma Pinwheel,Virgo Cluster Pinwheel",,,False,8,184.7066666666667,14.416500000000003
10113,10114,NGC4258,G,3.224313987929108,0.8256100645497165,CVn,16.98,7.24,150.0,9.12,9.29,6.38,5.72,5.46,23.36,Sbc,,,,462.0,0.001541,,,,106,,,,"2MASX J12185761+4718133,MCG +08-22-104,PGC 039600,SDSS J121857.50+471814.2,UGC 07353",,,,False,8,184.73958333333337,47.30397222222222
10159,10160,NGC4303,G,3.237214879983432,0.07807972815637187,Vir,6.89,6.56,20.0,10.16,10.25,7.73,7.09,6.84,23.05,Sbc,0.7805,0.509,0.654,1564.0,0.00523,,,,061,,,,"2MASX J12215494+0428249,IRAS 12194+0444,MCG +01-32-022,PGC 040001,SDSS J122154.92+042825.6,UGC 07420",,,,False,8,185.47875,4.473638888888889
10179,10180,NGC4321,G,3.2415731125697667,0.276142600554775,Com,6.1,5.62,108.0,10.01,9.47,7.46,6.82,6.59,22.61,SABb,,,,1570.0,0.005251,,,,100,,,,"2MASX J12225489+1549205,IRAS 12204+1605,MCG +03-32-015,PGC 040153,SDSS J122254.91+154920.2,UGC 07450",,,,False,8,185.72845833333335,15.821805555555553
10235,10236,NGC4374,G,3.250947712314541,0.22492009589082812,Vir,7.41,6.44,133.0,10.01,9.79,7.12,6.47,6.22,23.23,E,,-0.083,-0.051,979.0,0.00327,,,,084,,,,"2MASX J12250377+1253130,IRAS 12224+1309,MCG +02-32-034,PGC 040455,SDSS J122503.74+125312.8,UGC 07494",,,,False,8,186.26558333333332,12.886972222222221
10243,10244,NGC4382,G,3.2524290605171715,0.31750157087654846,Com,6.95,5.35,12.0,9.94,9.05,7.06,6.42,6.15,22.87,S0-a,,,,769.0,0.00257,,,,085,,,,"2MASX J12252405+1811278,MCG +03-32-029,PGC 040515,SDSS J122524.06+181127.7,UGC 07508",,,,False,8,186.35045833333334,18.1915
10267,10268,NGC4406,G,3.2558928118618584,0.22595420347263476,Vir,11.53,8.43,128.0,9.74,8.86,7.01,6.33,6.1,23.9,E,,,,-183.0,-0.00061,,,,086,,,,"2MASX J12261181+1256454,MCG +02-32-046,PGC 040653,SDSS J122611.75+125646.3,UGC 07532",,HOLM 403H is a star.,,False,8,186.54891666666666,12.946222222222222
10339,10340,NGC4472,G,3.271529507518684,0.13963458199212525,Vir,10.21,8.38,156.0,9.35,8.28,6.27,5.64,5.4,23.25,E,,,,949.0,0.00317,,,,049,,,,"2MASX J12294679+0800014,MCG +01-32-083,PGC 041220,SDSS J122946.76+080001.7,UGC 07629",,HOLM 413B is a star.,,False,8,187.44483333333332,8.000472222222223
10353,10354,NGC4486,G,3.276086271307433,0.2162656868693418,Vir,7.11,6.67,153.0,9.65,9.0,6.72,6.07,5.81,22.79,E,,-8.029,10.734,1256.0,0.0042,,,,087,,,,"2MASX J12304942+1223279,IRAS 12282+1240,MCG +02-32-105,PGC 041361,SDSS J123049.41+122328.1,UGC 07654",Virgo Galaxy,,,False,8,187.70591666666667,12.39111111111111
10372,10373,NGC4501,G,3.28115790722552,0.25168326552911785,Com,8.65,4.38,138.0,10.24,10.33,7.21,6.56,6.27,23.17,Sb,,,,2270.0,0.007602,,,,088,,,,"2MASX J12315921+1425134,IRAS 12294+1441,MCG +03-32-059,PGC 041517,UGC 07675",,,,False,8,187.99650000000003,14.420388888888889
10421,10422,NGC4548,G,3.296232461419099,0.2530087461332713,Com,5.55,4.52,150.0,10.94,10.96,8.01,7.37,7.12,23.24,Sb,,,,492.0,0.001644,,,,091,,,,"2MASX J12352642+1429467,IRAS 12328+1446,MCG +03-32-075,PGC 041934,SDSS J123526.45+142946.8,UGC 07753",,,,False,8,188.86020833333333,14.496333333333332
10425,10426,NGC4552,G,3.2972040280360426,0.21914935864458135,Vir,8.13,8.0,150.0,10.68,10.08,7.62,6.94,6.73,24.11,E,,,,274.0,0.000914,,,,089,,,,"2MASX J12353988+1233217,MCG +02-32-149,PGC 041968,SDSS J123539.80+123322.8,UGC 07760",,,,False,8,188.915875,12.556333333333335
10448,10449,NGC4569,G,3.3022931172466494,0.2297367198126514,Vir,9.12,3.82,22.0,10.18,9.54,7.5,6.79,6.58,23.16,Sab,,,,-235.0,-0.000784,,,,090,,,,"2MASX J12364981+1309463,IRAS 12343+1326,MCG +02-32-155,PGC 042089,SDSS J123649.79+130946.5,UGC 07786",,,,False,8,189.20745833333334,13.162944444444445
10458,10459,NGC4579,G,3.3062004731095516,0.20626640469645763,Vir,5.01,3.84,90.0,10.44,10.3,7.37,6.71,6.49,22.49,Sb,,,,1680.0,0.00562,,,,058,,,,"2MASX J12374359+1149051,IRAS 12351+1205,MCG +02-32-160,PGC 042168,SDSS J123743.52+114905.4,UGC 07796",,,,False,8,189.43133333333333,11.818194444444444
10469,10470,NGC4590,GCl,3.313799200340422,-0.46675388667452467,Hya,6.6,,,10.26,7.96,,,,,,0.0618,-2.75,1.78,-93.0,-0.00031,,,,068,,,,MWSC 2059,,,,False,14,189.86670833333332,-26.74302777777778
10473,10474,NGC4594,G,3.3160841272194914,-0.20286058858666314,Vir,8.45,4.91,90.0,9.15,8.59,5.89,5.21,4.96,22.26,Sa,,,,1090.0,0.003642,,,,104,,,,"2MASX J12395949-1137230,IRAS 12373-1120,MCG -02-32-020,PGC 042407,UGCA 293",Sombrero Galaxy,,,False,8,189.997625,-11.623055555555556
10504,10505,NGC4621,G,3.3250151224460507,0.20327898279346068,Vir,4.55,3.21,165.0,10.57,9.56,7.65,6.97,6.75,22.71,E,,,,431.0,0.001438,,,,059,,,,"2MASX J12420232+1138489,MCG +02-32-183,PGC 042628,SDSS J124202.25+113848.8,UGC 07858",,,,False,8,190.50933333333333,11.647027777777778
10536,10537,NGC4649,G,3.3321229758247974,0.2016325555324127,Vir,6.78,5.45,105.0,9.79,8.79,6.67,6.0,5.74,22.81,E,,,,1015.0,0.00339,,,,060,,,,"2MASS J12434000+1133099,2MASX J12434000+1133093,MCG +02-33-002,PGC 042831,SDSS J124339.97+113309.7,UGC 07898",,,,False,8,190.91658333333334,11.552694444444445
10633,10634,NGC4736,G,3.363617442177035,0.7176871454389661,CVn,7.74,6.68,105.0,8.71,8.24,6.03,5.35,5.11,21.79,SABa,,,,287.0,0.00096,,,,094,,,,"2MASX J12505314+4107125,IRAS 12485+4123,MCG +07-26-058,PGC 043495,UGC 07996",,IRAS F12485+4123 (in FSC version 1) was removed from version 2.,,False,8,192.72108333333333,41.120444444444445
10731,10732,NGC4826,G,3.3891123392255427,0.37843925689624935,Com,10.52,5.33,114.0,9.27,8.52,6.27,5.58,5.33,22.68,SABa,,,,402.0,0.001341,,,,064,,,,"2MASX J12564369+2140575,IRAS 12542+2157,MCG +04-31-001,PGC 044182,UGC 08062","Black Eye Galaxy,Evil Eye Galaxy",,,False,8,194.18183333333334,21.682972222222222
10954,10955,NGC5024,GCl,3.4597683578899243,0.31711081104957417,Com,9.0,,,8.95,7.79,,,,,,0.0157,-0.11,-1.35,-63.0,-0.00021,,,,053,,,,MWSC 2094,,,,False,14,198.23012500000002,18.16911111111111
10985,10986,NGC5055,G,3.4724292671721,0.7335492794575079,CVn,11.83,7.16,103.0,9.32,8.61,6.57,5.83,5.61,23.04,Sbc,,,,503.0,0.001678,,,,063,,,,"2MASX J13154932+4201454,IRAS 13135+4217,MCG +07-27-054,PGC 046153,SDSS J131549.26+420145.8,UGC 08334",Sunflower Galaxy,,,False,8,198.95554166666668,42.02927777777778
11137,11138,NGC5194,G,3.5337615915282243,0.8237110493608104,CVn,13.71,11.67,163.0,8.61,8.36,6.4,5.65,5.5,22.9,SABb,7.8,,,465.0,0.00155,,,,051,,,,"2MASX J13295269+4711429,IRAS 13277+4727,MCG +08-25-012,PGC 047404,UGC 08493",Whirlpool Galaxy,,,False,8,202.469625,47.195166666666665
11183,11184,NGC5236,G,3.5649040831479764,-0.5212498533133232,Hya,13.61,13.21,45.0,7.82,7.21,5.54,4.87,4.62,22.2,Sc,,,,519.0,0.001733,,,,083,,,,"2MASX J13370091-2951567,ESO 444-081,ESO-LV 444-0810,IRAS 13341-2936,MCG -05-32-050,PGC 048082,UGCA 366",Southern Pinwheel Galaxy,Extended HIPASS source,,False,8,204.25395833333334,-29.86541666666667
11224,11225,NGC5272,GCl,3.5874682814941763,0.4952449322722888,CVn,16.2,,,,6.39,,,,,,0.0245,-0.14,-2.64,-147.0,-0.000491,,,,003,,,,MWSC 2152,,,,False,14,205.54679166666668,28.375444444444447
11415,11416,NGC5457,G,3.679193333112216,0.9485680255390361,UMa,23.99,23.07,28.0,8.36,7.9,6.52,5.81,5.51,23.97,SABc,,,,243.0,0.000811,,,,101,,,,"IRAS 14013+5435,MCG +09-23-028,PGC 050063,SDSS J140312.52+542056.2,UGC 08981",,"M102 may be a duplicate obs. of M101; see Sawyer, JRASC 41, Nos 7&8, 1947.",,False,8,210.80225,54.348944444444456
11886,11887,NGC5904,GCl,4.007985002587604,0.03634987536854969,Se1,15.0,,,7.34,5.95,,,,,,0.1139,4.06,-9.89,54.0,0.000179,,,,005,,,,MWSC 2286,,,,False,14,229.64062500000003,2.082694444444445
12103,12104,NGC6093,GCl,4.2631492303470875,-0.4009913349004216,Sco,5.7,,,,7.3,,,,,,0.0501,-2.93,-5.59,11.0,3.6e-05,,,,080,,,,MWSC 2376,,,,False,14,244.26045833333333,-22.975111111111108
12131,12132,NGC6121,GCl,4.291720997422757,-0.462957795551437,Sco,28.2,,,,5.4,,,,,,0.4995,-12.48,-18.99,71.0,0.000237,,,,004,,,,MWSC 2396,,,,False,14,245.8975,-26.52552777777778
12183,12184,NGC6171,GCl,4.3307378328510895,-0.22782897797748536,Oph,7.8,,,9.96,8.85,,,,,,0.1491,-1.93,-5.98,-35.0,-0.000116,,,,107,,,,MWSC 2422,,,,False,14,248.133,-13.053638888888889
12221,12222,NGC6205,GCl,4.3707138721474985,0.6363698315201448,Her,16.5,,,,5.8,4.45,3.94,3.85,,,0.0813,-3.18,-2.56,-244.0,-0.000815,,,,013,,,,"2MASX J16414163+3627407,MWSC 2445",Hercules Globular Cluster,,,False,14,250.42345833333337,36.46130555555556
12235,12236,NGC6218,GCl,4.394922316093181,-0.03399610494676288,Oph,11.1,,,8.52,6.07,,,,,,0.1584,-0.15,-6.77,-41.0,-0.000138,,,,012,,,,MWSC 2464,,,,False,14,251.81050000000002,-1.9478333333333333
12274,12275,NGC6254,GCl,4.438153394444559,-0.07154686380342087,Oph,9.3,,,,4.98,,,,,,0.1507,-4.72,-6.54,74.0,0.000247,,,,010,,,,MWSC 2498,,,,False,14,254.28745833333332,-4.099333333333333
12286,12287,NGC6266,GCl,4.455869213572823,-0.525559846938387,Oph,7.8,,,8.55,7.39,,,,,,0.1451,-4.99,-2.95,-73.0,-0.000245,,,,062,,,,MWSC 2512,,,,False,14,255.3025,-30.112361111111113
12293,12294,NGC6273,GCl,4.462056405771143,-0.45846211828650824,Oph,7.5,,,8.45,5.57,,,,,,0.0935,-3.23,1.66,146.0,0.000486,,,,019,,,,MWSC 2519,,,,False,14,255.657,-26.267944444444442
12355,12356,NGC6333,GCl,4.534349397829791,-0.32316952762240003,Oph,6.9,,,9.36,8.42,,,,,,0.1117,-2.21,-3.21,311.0,0.001037,,,,009,,,,MWSC 2567,,,,False,14,259.79908333333333,-18.51625
12363,12364,NGC6341,GCl,4.525294775114549,0.7528744376002151,Her,14.4,,,,6.52,,,,,,0.0562,,,-120.0,-0.000402,,,,092,,,,MWSC 2557,,,,False,14,259.28029166666664,43.13652777777778
12428,12429,NGC6402,GCl,4.614662177801354,-0.05665193307869261,Oph,,,,9.55,5.73,,,,,,0.0589,-3.66,-5.03,-61.0,-0.000202,,,,014,,,,MWSC 2643,,,,False,14,264.4006666666667,-3.2459166666666666
12431,12432,NGC6405,OCl,4.626631500367426,-0.5629414058203378,Sco,15.6,,,4.48,4.2,,,,,,2.1626,-1.366,-5.806,-9.0,-3.2e-05,,,,006,,,,MWSC 2661,Butterfly Cluster,,,False,3,265.0864583333333,-32.25416666666667
12504,12505,NGC6475,OCl,4.685567633104667,-0.6072494977643005,Sco,22.2,,,3.45,3.3,,,,,,3.5704,3.072,-5.316,-15.0,-4.9e-05,,,,007,,,,MWSC 2739,Ptolemy's Cluster,,,False,3,268.46325,-34.792833333333334
12523,12524,NGC6494,OCl,4.699645895183567,-0.3313565762552968,Sgr,16.8,,,6.03,5.5,,,,,,1.354,0.284,-1.809,-32.0,-0.000106,,,,023,,,,MWSC 2757,,,,False,3,269.269875,-18.985333333333333
12543,12544,NGC6514,Neb,4.72417795226139,-0.4009350965134129,Sgr,28.0,28.0,,6.3,8.5,,,,,,0.79,0.41,-1.69,-5.0,-1.7e-05,,,,020,,,,"LBN 27,MWSC 2789",Trifid Nebula,,,False,5,270.6754583333333,-22.971888888888888
12552,12553,NGC6523,Neb,4.7284801888675565,-0.4255141805183042,Sgr,45.0,30.0,,5.0,5.8,,,,,,,,,4.0,1.3e-05,,,,008,6533,,,LBN 25,Lagoon Nebula,Nominal position for NGC 6533 is -30 arcmin in error.,,False,5,270.92195833333335,-24.380166666666668
12560,12561,NGC6531,OCl,4.730820384506272,-0.39252551840088695,Sgr,6.0,,,,5.9,,,,,,0.798,0.525,-1.521,-18.0,-6.1e-05,,,,021,,,,MWSC 2796,,,,False,3,271.05604166666666,-22.490055555555557
12642,12643,NGC6611,Neb,4.794431817977292,-0.24098148833230595,Se2,120.0,25.0,,6.58,6.0,,,,,,0.566,0.178,-1.576,10.0,3.3e-05,,,,016,,,,"LBN 67,MWSC 2886",Eagle Nebula,,,False,5,274.70070833333335,-13.807222222222222
12644,12645,NGC6613,OCl,4.799545632685636,-0.29848572386238914,Sgr,6.0,,,7.24,6.9,,,,,,0.64,-0.508,-0.917,-14.0,-4.7e-05,,,,018,,,,MWSC 2892,,,,False,3,274.99370833333336,-17.101972222222223
12649,12650,NGC6618,Neb,4.803081378861966,-0.2822464047999441,Sgr,12.6,,,6.0,7.0,,,,,,0.6,-0.04,-1.4,-45.0,-0.000149,,,,017,,,,"LBN 60,MWSC 2896","Checkmark Nebula,Lobster Nebula,Swan Nebula,omega Nebula",,,False,5,275.19629166666664,-16.17152777777778
12659,12660,NGC6626,GCl,4.819500563800103,-0.4340604760889031,Sgr,5.1,,,,6.9,,,,,,0.156,-0.33,-8.92,11.0,3.7e-05,,,,028,,,,MWSC 2908,,,,False,14,276.1370416666667,-24.869833333333332
12672,12673,NGC6637,GCl,4.849341330686077,-0.5645786216214447,Sgr,5.7,,,9.32,8.31,,,,,,0.0855,-5.12,-5.81,47.0,0.000156,,,,069,6634,,,MWSC 2936,,,,False,14,277.84679166666666,-32.347972222222225
12692,12693,NGC6656,GCl,4.871228486726608,-0.4171933233094212,Sgr,12.6,,,7.16,6.17,,,,,,0.2639,9.82,-5.54,-148.0,-0.000493,,,,022,,,,MWSC 2961,,,,False,14,279.10083333333336,-23.903416666666665
12720,12721,NGC6681,GCl,4.9009310817134635,-0.5635997827992844,Sgr,6.6,,,9.76,9.06,,,,,,0.1265,1.39,-4.72,217.0,0.000723,,,,070,,,,MWSC 2981,,,,False,14,280.80266666666665,-32.291888888888884
12734,12735,NGC6694,OCl,4.910095514727477,-0.16377490961561234,Sct,6.0,,,8.0,8.87,,,,,,0.524,0.144,-1.411,4.0,1.3e-05,,,,026,,,,MWSC 2987,,,,False,3,281.32775,-9.38361111111111
12745,12746,NGC6705,OCl,4.935354065106444,-0.10943262891372557,Sct,9.0,,,6.32,5.8,,,,,,0.427,-1.568,-4.144,36.0,0.000119,,,,011,,,,MWSC 3008,"Amas de l'Ecu de Sobieski,Wild Duck Cluster",,,False,3,282.77495833333336,-6.270027777777778
12755,12756,NGC6715,GCl,4.9526095536444945,-0.5319501760690917,Sgr,5.1,,,,7.7,,,,,,0.0267,-2.73,-1.38,143.0,0.000477,,,,054,,,,MWSC 3023,,Likely associated with the Sagittarius Dwarf Spheroidal.,,False,14,283.76362500000005,-30.478499999999997
12760,12761,NGC6720,PN,4.946191105320285,0.5764575264359904,Lyr,1.27,,,9.7,8.8,16.4,,,,,1.2707,1.494,2.486,-19.0,-6.4e-05,,15.03,15.29,057,,,HD 175353,"IRAS 18517+3257,PN G063.1+13.9",Ring Nebula,,,False,6,283.395875,33.02858333333333
12824,12825,NGC6779,GCl,5.046583898336043,0.5268189080682284,Lyr,5.8,,,8.9,8.4,,,,,,0.0755,-2.02,1.65,-137.0,-0.000457,,,,056,,,,MWSC 3077,,,,False,14,289.1479583333334,30.1845
12855,12856,NGC6809,GCl,5.148677660151972,-0.5403902974435276,Sgr,12.0,,,,6.49,,,,,,0.1736,-3.41,-9.27,174.0,0.000582,,,,055,,,,MWSC 3150,,,,False,14,294.9975,-30.962083333333332
12886,12887,NGC6838,GCl,5.208797707898482,0.3277447143310307,Sge,6.9,,,7.91,6.1,,,,,,0.2287,-3.41,-2.61,-22.0,-7.4e-05,,,,071,6839,,,MWSC 3200,,Identification as NGC 6839 is very uncertain.,,False,14,298.442125,18.778388888888887
12907,12908,NGC6853,PN,5.234270061110818,0.39655674415931275,Vul,6.7,,,7.6,7.4,11.79,10.61,,,,2.6575,10.496,3.682,-42.0,-0.00014,12.43,13.66,13.94,027,,,BD+22 3878,"2MASX J19593637+2243157,PN G060.8-03.6",Dumbbell Nebula,,,False,6,299.9015833333334,22.721027777777778
12923,12924,NGC6864,GCl,5.262519669495389,-0.38261495713164584,Sgr,3.6,,,,8.26,6.93,6.43,6.28,,,0.0201,-0.58,-2.78,-189.0,-0.000631,,,,075,,,,"2MASX J20060484-2155201,MWSC 3254",,,,False,14,301.5201666666667,-21.922222222222224
12977,12978,NGC6913,OCl,5.340545340926317,0.6720855705938031,Cyg,3.6,,,7.3,6.6,,,,,,0.553,-3.409,-5.771,-17.0,-5.6e-05,,,,029,,,,MWSC 3329,,,,False,3,305.9907083333333,38.50766666666667
13047,13048,NGC6981,GCl,5.469273554348202,-0.2188128979498913,Aqr,4.5,,,9.95,8.96,,,,,,0.015,-1.29,-3.32,-331.0,-0.001105,,,,072,,,,MWSC 3419,,,,False,14,313.36629166666665,-12.537055555555556
13061,13062,NGC6994,Other,5.493130750781921,-0.2205310776357435,Aqr,,,,,8.9,,,,,,,,,,,,,,073,,,,,,Four Galactic stars.,,False,1,314.73320833333327,-12.6355
13150,13151,NGC7078,GCl,5.628569027957203,0.21235130120806342,Peg,11.1,,,3.0,6.3,,,,,,0.0522,-0.63,-3.8,-107.0,-0.000356,,,,015,,,,"IRAS 21274+1156,MWSC 3518,PN G065.0-27.3",,,,False,14,322.49325000000005,12.166833333333333
13161,13162,NGC7089,GCl,5.643741029700686,-0.014369392694405536,Aqr,8.4,,,,6.25,,,,,,0.0612,3.51,-2.16,-4.0,-1.2e-05,,,,002,,,,MWSC 3526,,,,False,14,323.3625416666667,-0.8233055555555555
13164,13165,NGC7092,OCl,5.63656409037238,0.8454054919630999,Cyg,19.5,,,4.66,4.6,,,,,,3.3373,-7.357,-19.599,-5.0,-1.8e-05,,,,039,,,,MWSC 3521,,,,False,3,322.9513333333333,48.43816666666666
13173,13174,NGC7099,GCl,5.673921408570275,-0.404551321760809,Cap,9.0,,,,7.1,,,,,,0.0676,-0.73,-7.24,-185.0,-0.000618,,,,030,,,,MWSC 3543,,,,False,14,325.09175,-23.179083333333335
13772,13773,NGC7654,OCl,6.129625421824952,1.0750035550629542,Cas,9.9,,,,6.9,,,,,,0.596,-1.938,-1.131,-40.0,-0.000133,,,,052,,,,MWSC 3725,,,,False,3,351.20166666666665,61.593166666666676
14014,14015,M040,**,3.2387565874893607,1.013764799747284,UMa,,,,,8.0,,,,,,,,,,,,,,040,,,,WDS J12222+5805AB,,,,True,1,185.56708333333333,58.08444444444444
14015,14016,M102,Dup,3.679193333112216,0.9485680255390361,UMa,,,,,,,,,,,,,,,,,,,101,,,,,,,"Identification is controversial, here we take NED assumption.",True,8,210.80225,54.348944444444456
14016,14017,Mel022,OCl,0.9925542011987419,0.4207164643300443,Tau,150.0,150.0,90.0,,1.2,,,,,,7.364,19.997,-45.548,7.0,2.2e-05,,,,045,,,,MWSC 0305,Pleiades,,,True,3,56.869166666666665,24.105277777777783
