,id,name,BRNtype,ra,dec,const,majax,minax,pa,bmag,vmag,jmag,hmag,kmag,sbrightn,hubble,parallax,pmra,pmdec,radvel,redshift,cstarumag,cstarbmag,cstarvmag,messier,ngc,ic,cstarnames,identifiers,commonnames,nednotes,ongcnotes,notngc,Id,CAT,CAT_ID,H_id,Name_type
0,5636,NGC0040,PN,0.056798104403547135,1.2657467105039655,Cep,0.8,,,11.27,11.89,10.89,10.8,10.38,,,0.5041,-7.249,-1.811,-20.0,-6.8e-05,11.14,11.82,11.58,,,,"HD 000826,HIP 001041,TYC 4302-01297-1","C 002,IRAS 00102+7214,PN G120.0+09.8",Bow-Tie nebula,,,False,1,NGC,40,H1,Bow-Tie Nebula
1,5731,NGC0129,OCl,0.13076806698515347,1.0508831048003926,Cas,5.4,,,7.33,6.5,,,,,,0.511,-2.605,-1.096,-36.0,-0.000119,,,,,,,,MWSC 0053,,,,False,2,NGC,129,H2,open cluster
2,5738,NGC0136,OCl,0.13750212901576495,1.0735389329323222,Cas,3.3,,,,,,,,,,0.181,-1.648,-0.522,-52.0,-0.000174,,,,,,,,MWSC 0056,,,,False,3,NGC,136,H3,open cluster
3,5739,NGC0137,G,0.13512484513044432,0.1781704822487978,Psc,1.38,1.38,30.0,13.75,12.79,10.62,9.88,9.64,23.22,S0,,,,5230.0,0.0176,,,,,,,,"2MASX J00305810+1012304,MCG +02-02-017,PGC 001888,UGC 00309",,,,False,30,NGC,137,H30,galaxy
4,5759,NGC0157,G,0.1517534695788203,-0.14654560101634168,Cet,3.7,1.9,28.0,11.07,13.11,8.6,7.92,7.68,22.13,SABb,,,,1658.0,0.005546,,,,,,,,"2MASX J00344675-0823473,IRAS 00322-0840,MCG -02-02-056,PGC 002081",,Extended HIPASS source,,False,4,NGC,157,H4,galaxy
5,5788,NGC0185,G,0.1700219763035493,0.8436465879280346,Cas,12.94,10.76,38.0,10.15,9.2,7.32,6.7,6.56,24.58,E,,,,-204.0,-0.00068,,,,,,,,"2MASX J00385796+4820145,C 018,IRAS 00362+4803,MCG +08-02-010,PGC 002329,UGC 00396",,,,False,5,NGC,185,H5,galaxy
6,5811,NGC0205,G,0.17613862811126774,0.7275458316443284,And,16.22,9.59,170.0,8.9,8.15,6.45,5.87,5.59,23.78,E,,,,-246.0,-0.00082,,,,110,,,,"2MASX J00402207+4141070,IRAS 00376+4124,MCG +07-02-014,PGC 002429,UGC 00426",,,,False,6,NGC,205,H6,galaxy
7,5831,NGC0225,OCl,0.19026852284720516,1.0780365494519752,Cas,4.2,,,7.43,7.0,,,,,,1.432,-5.373,-0.093,-28.0,-9.3e-05,,,,,,,,MWSC 0068,,,,False,7,NGC,225,H7,open cluster
8,5854,NGC0246,PN,0.2053205332046129,-0.2072045191694046,Cet,4.08,,,8.0,10.9,,,,,,1.9521,-16.962,-8.995,-16.0,-5.2e-05,10.41,11.6,11.96,,,,"BD -12 0134,HIP 003678,UCAC2 27592055","C 056,PN G118.8-74.7",,,,False,8,NGC,246,H8,nebula
9,5855,NGC0247,G,0.2056979606553567,-0.3623371401055584,Cet,19.68,5.55,167.0,9.67,9.21,8.08,7.67,7.43,23.79,SABc,,,,159.0,0.000531,,,,,,,,"2MASX J00470855-2045374,C 062,ESO 540-022,ESO-LV 540-0220,MCG -04-03-005,PGC 002758,UGCA 011",,,,False,9,NGC,247,H9,galaxy
10,5865,NGC0253,G,0.2074847414770859,-0.44136273975377494,Scl,26.79,4.58,53.0,7.94,11.11,4.81,4.09,3.77,22.42,SABc,,,,259.0,0.000864,,,,,,,,"2MASX J00473313-2517196,C 065,ESO 474-029,ESO-LV 474-0290,IRAS 00450-2533,MCG -04-03-009,PGC 002789,UGCA 013","Sculptor Filament,Silver Coin",Extended HIPASS source,,False,10,NGC,253,H10,Sculptor Galaxy
11,5890,NGC0278,G,0.22720623480410015,0.8299127859695636,Cas,2.36,2.3,30.0,11.49,10.85,8.74,8.1,7.82,22.08,SABb,,1.782,2.026,641.0,0.002141,,,,,,,,"2MASX J00520430+4733019,IRAS 00492+4716,MCG +08-02-016,PGC 003051,UGC 00528",,,,False,11,NGC,278,H11,galaxy
12,5900,NGC0288,GCl,0.23034346413455994,-0.46408110885056775,Scl,9.6,,,10.0,8.13,,,,,,0.1384,4.22,-5.65,-45.0,-0.00015,,,,,,,,MWSC 0084,,,,False,12,NGC,288,H12,globular cluster
13,6000,NGC0381,OCl,0.29801569699855346,1.0748309613924791,Cas,6.0,,,,9.3,,,,,,0.847,1.602,-2.263,-22.0,-7.5e-05,,,,,,,,MWSC 0105,,,,False,13,NGC,381,H13,open cluster
14,6023,NGC0404,G,0.3030342458185588,0.6233991262957401,And,3.4,3.37,90.0,11.19,10.55,,,,22.61,E-S0,,,,-32.0,-0.000107,,,,,,,,"IRAS 01066+3527,MCG +06-03-018,PGC 004126,UGC 00718",,,,False,14,NGC,404,H14,galaxy
15,6058,NGC0436,OCl,0.33145111492311313,1.0265522454002294,Cas,5.7,,,8.01,8.8,,,,,,0.262,-0.986,-0.577,-74.0,-0.000248,,,,,,,,MWSC 0111,,,,False,15,NGC,436,H15,open cluster
16,6081,NGC0457,OCl,0.3470769022721141,1.0173645413295223,Cas,7.8,,,6.97,6.4,,,,,,0.318,-1.586,-0.661,-12.0,-3.9e-05,,,,,,,,"C 013,MWSC 0114",Owl Cluster,,,False,16,NGC,457,H16,Owl Cluster
17,6112,NGC0488,G,0.356836201672849,0.0917471106405308,Psc,5.05,3.66,13.0,11.13,10.26,7.91,7.03,6.96,23.15,Sb,,,,2263.0,0.007579,,,,,,,,"2MASX J01214684+0515241,IRAS 01191+0459,MCG +01-04-033,PGC 004946,SDSS J012146.79+051524.7,UGC 00907",,,,False,17,NGC,488,H17,galaxy
18,6151,NGC0524,G,0.3699894392481913,0.16648404846565243,Psc,3.37,3.35,55.0,11.4,10.35,8.13,7.43,7.16,22.78,S0-a,,,,2420.0,0.008106,,,,,,,,"2MASX J01244770+0932196,IRAS 01221+0916,MCG +01-04-053,PGC 005222,SDSS J012447.74+093220.0,UGC 00968",,,,False,18,NGC,524,H18,galaxy
19,6191,NGC0559,OCl,0.3907479490390989,1.1048186268238283,Cas,9.0,,,9.85,9.5,,,,,,0.325,-4.258,0.254,-77.0,-0.000258,,,,,,,,"C 008,MWSC 0122",,,,False,19,NGC,559,H19,open cluster
20,6216,NGC0584,G,0.3985713874111634,-0.11987018265433279,Cet,3.78,2.51,104.0,11.31,10.35,8.24,7.48,7.3,23.06,E,,,,1833.0,0.006134,,,,,,1712,,"2MASX J01312075-0652050,MCG -01-04-060,PGC 005663",,Position in 1996ApJS..106....1W is 12 arcsec south of the nucleus.,,False,20,NGC,584,H20,galaxy
21,6228,NGC0596,G,0.40521309243552345,-0.1227286441181546,Cet,2.14,1.58,36.0,11.85,10.95,8.87,8.19,7.98,22.36,E,,,,1856.0,0.006211,,,,,,,,"2MASX J01325190-0701535,MCG -01-05-005,PGC 005766",,,,False,21,NGC,596,H21,galaxy
22,6230,NGC0598,G,0.40948987632343126,0.5351218271709103,Tri,62.09,36.73,23.0,6.35,5.79,5.04,4.35,4.1,23.61,Sc,,,,-179.0,-0.000598,,,,033,,,,"2MASX J01335090+3039357,IRAS 01310+3024,MCG +05-04-069,PGC 005818,UGC 01117","Triangulum Galaxy,Triangulum Pinwheel",,,False,22,NGC,598,H22,Triangulum Galaxy
23,6245,NGC0613,G,0.4114737339065315,-0.5134472619295464,Scl,5.48,4.51,125.0,10.74,10.35,7.92,7.38,7.03,23.02,Sbc,,,,1481.0,0.004951,,,,,,,,"2MASX J01341823-2925065,ESO 413-011,ESO-LV 413-0110,IRAS 01319-2940,MCG -05-04-044,PGC 005849",,,,False,23,NGC,613,H23,galaxy
24,6247,NGC0615,G,0.4149287586049586,-0.128112500046876,Cet,3.18,1.16,164.0,12.43,11.66,9.51,8.86,8.56,22.98,Sb,,,,1841.0,0.00616,,,,,,,,"2MASX J01350567-0720250,IRAS 01325-0735,MCG -01-05-008,PGC 005897",,,,False,24,NGC,615,H24,galaxy
25,6269,NGC0637,OCl,0.44964844797077747,1.117648736080711,Cas,4.5,,,8.56,8.2,,,,,,0.338,-1.204,0.026,-46.0,-0.000153,,,,,,,,MWSC 0133,,,,False,25,NGC,637,H25,open cluster
26,6288,NGC0651,Dup,0.446490856465711,0.9001618035486544,Per,,,,,,,,,,,,,,,,,,,,0650,,,,,,,False,26,NGC,651,H26,Little Dumbbell Nebula
27,6291,NGC0654,OCl,0.4537441539487908,1.0800572528748398,Cas,6.3,,,7.34,6.5,,,,,,0.313,-1.086,-0.265,-39.0,-0.000129,,,,,,,,MWSC 0137,,,,False,27,NGC,654,H27,open cluster
28,6296,NGC0659,OCl,0.45545748549783194,1.0588767127745264,Cas,4.2,,,8.4,7.9,,,,,,0.287,-0.796,-0.257,,,,,,,,,,MWSC 0138,,,,False,28,NGC,659,H28,open cluster
29,6300,NGC0663,OCl,0.46367944071576855,1.0684590551816566,Cas,6.0,,,7.78,7.1,,,,,,0.32,-1.11,-0.235,-32.0,-0.000108,,,,,,,,"C 010,MWSC 0139",,,,False,29,NGC,663,H29,open cluster
30,6396,NGC0752,OCl,0.5130409880647765,0.6603172032985503,And,39.0,,,6.47,5.7,,,,,,2.2304,9.809,-11.764,5.0,1.6e-05,,,,,,,,"C 028,MWSC 0151",,,,False,31,NGC,752,H31,open cluster
31,6416,NGC0772,G,0.5206593502497318,0.3317439423865033,Ari,4.57,2.52,131.0,10.71,10.3,8.17,7.44,7.2,22.32,Sb,,,,2483.0,0.00832,,,,,,,,"2MASX J01591958+1900271,IRAS 01565+1845,MCG +03-06-011,PGC 007525,SDSS J015919.55+190027.5,UGC 01466",,,,False,32,NGC,772,H32,galaxy
32,6423,NGC0779,G,0.5223101408339097,-0.10407737699218964,Cet,1.35,0.58,160.0,11.96,11.21,8.95,8.27,8.07,20.75,SABb,,,,1385.0,0.004631,,,,,,,,"IRAS 01571-0612,MCG -01-06-016,PGC 007544",,,,False,33,NGC,779,H33,galaxy
33,6519,NGC0869,OCl,0.6063971953129098,0.9968840721847312,Per,14.4,,,4.3,3.7,,,,,,0.3942,-0.694,-1.083,-39.0,-0.00013,,,,,,,,MWSC 0175,h Persei Cluster,,Caldwell 14 refers to both NGC869 and NGC884,False,34,NGC,869,H34,Double Cluster
34,6534,NGC0884,OCl,0.6219262623325293,0.9973528870143641,Per,10.5,,,4.4,3.8,,,,,,0.3976,-0.602,-1.062,-45.0,-0.000149,,,,,,,,MWSC 0184,chi Persei Cluster,,Caldwell 14 refers to both NGC869 and NGC884,False,35,NGC,884,H35,Double Cluster
35,6541,NGC0891,G,0.6220215282208674,0.7391319089954842,And,13.03,3.03,22.0,10.84,10.01,7.26,6.36,5.94,24.17,Sb,,,,528.0,0.001763,,,,,,,,"2MASX J02223290+4220539,C 023,IRAS 02193+4207,MCG +07-05-046,PGC 009031,UGC 01831",,,,False,36,NGC,891,H36,galaxy
36,6558,NGC0908,G,0.6242875473663734,-0.3706007893000704,Cet,6.14,2.82,77.0,10.82,10.31,8.16,7.49,7.23,22.86,SABc,,,,1494.0,0.004996,,,,,,,,"2MASX J02230456-2114018,ESO 545-011,ESO-LV 545-0110,IRAS 02207-2127,MCG -04-06-035,PGC 009057,UGCA 029",,,,False,37,NGC,908,H37,galaxy
37,6586,NGC0936,G,0.6441326681820706,-0.020180854289865543,Cet,4.44,3.18,133.0,11.19,10.23,7.84,7.14,6.91,23.14,S0-a,,,,1226.0,0.004096,,,,,,,,"2MASX J02273746-0109226,MCG +00-07-017,PGC 009359,SDSS J022737.44-010921.5,SDSS J022737.44-010921.6,UGC 01929",,,,False,38,NGC,936,H38,galaxy
38,6679,NGC1022,G,0.6917837928641241,-0.11654290636087802,Cet,2.6,1.5,74.0,12.11,11.35,9.45,8.79,8.5,22.66,SBa,,,,1470.0,0.004915,,,,,,,,"2MASX J02383270-0640386,IRAS 02360-0653,MCG -01-07-025,PGC 010010",,,,False,39,NGC,1022,H39,galaxy
39,6680,NGC1023,G,0.6998777572702478,0.681782813843356,Per,7.4,3.06,87.0,9.56,9.47,7.16,6.49,6.24,22.59,E-S0,,,,637.0,0.002127,,,,,,,,"2MASX J02402401+3903477,MCG +06-06-073,PGC 010123,UGC 02154",,,,False,40,NGC,1023,H40,galaxy
40,6685,NGC1027,OCl,0.7094079822066586,1.0750244020512418,Cas,7.8,,,7.28,6.7,,,,,,0.882,-1.753,2.09,15.0,5e-05,,,,,,1824,,MWSC 0225,,The IC identification is not certain.,,False,41,NGC,1027,H41,open cluster
41,6713,NGC1052,G,0.7028440897781165,-0.14409050453520297,Cet,2.94,2.07,109.0,11.45,11.04,8.37,7.71,7.45,22.65,E,,,,1474.0,0.00493,,,,,,,,"2MASX J02410480-0815209,IRAS 02386-0828,MCG -01-07-034,PGC 010175",,,,False,42,NGC,1052,H42,galaxy
42,6716,NGC1055,G,0.7057842423472054,0.007734717468421538,Cet,6.92,3.53,104.0,11.41,10.6,8.25,7.49,7.15,23.87,SBb,,,,993.0,0.003319,,,,,,,,"2MASX J02414523+0026354,IRAS 02391+0013,MCG +00-07-081,PGC 010208,SDSS J024144.78+002642.4,UGC 02173",,Confused and extended HIPASS source,,False,43,NGC,1055,H43,galaxy
43,6747,NGC1084,G,0.7243050945929518,-0.13226929254870914,Eri,3.4,2.25,36.0,11.18,10.6,8.84,8.21,7.93,22.24,Sc,,,,1400.0,0.004682,,,,,,,,"2MASX J02455992-0734431,IRAS 02435-0747,MCG -01-08-007,PGC 010464,SDSS J024559.90-073442.4",,Extended HIPASS source,,False,44,NGC,1084,H44,galaxy
44,6916,NGC1245,OCl,0.8494997435000701,0.8244707523991092,Per,11.4,,,9.16,8.4,,,,,,0.289,0.504,-1.579,-29.0,-9.8e-05,,,,,,,,MWSC 0264,,,,False,45,NGC,1245,H45,open cluster
45,7021,NGC1342,OCl,0.923578789159926,0.652393408494496,Per,6.3,,,7.35,6.7,,,,,,1.502,0.52,-1.604,-11.0,-3.6e-05,,,,,,,,MWSC 0283,,,,False,46,NGC,1342,H46,open cluster
46,7091,NGC1407,G,0.9607935721355751,-0.3242841142752709,Eri,5.73,5.27,60.0,10.69,9.65,7.64,6.99,6.7,23.36,E,,,,1779.0,0.005952,,,,,,,,"2MASX J03401190-1834493,ESO 548-067,ESO-LV 548-0670,MCG -03-10-030,PGC 013505",,,,False,47,NGC,1407,H47,galaxy
47,7130,NGC1444,OCl,1.0013012096333203,0.9190089354017875,Per,3.6,,,7.04,6.6,,,,,,0.832,-0.746,-1.829,-37.0,-0.000123,,,,,,,,MWSC 0308,,,,False,48,NGC,1444,H48,open cluster
48,7189,NGC1501,PN,1.0776949982136337,1.0632667006569734,Cam,0.87,,,13.3,11.5,13.2,12.92,12.79,,,0.5673,2.201,-5.196,37.0,0.000123,14.34,15.17,14.39,,,,,"IRAS 04026+6047,PN G144.5+06.5",,,,False,49,NGC,1501,H49,nebula
49,7190,NGC1502,OCl,1.0813260102783036,1.0878903875205266,Cam,10.2,,,7.47,6.9,,,,,,0.916,-0.571,-0.848,-16.0,-5.4e-05,,,,,,,,MWSC 0343,,,,False,50,NGC,1502,H50,open cluster
50,7203,NGC1513,OCl,1.0904453556199738,0.8642395338468433,Per,5.1,,,8.71,8.4,,,,,,0.651,1.324,-3.679,-15.0,-4.9e-05,,,,,,,,MWSC 0346,,,,False,51,NGC,1513,H51,open cluster
51,7221,NGC1528,OCl,1.1140196632707657,0.893808805071395,Per,9.6,,,6.83,6.4,,,,,,0.948,2.181,-2.246,-10.0,-3.4e-05,,,,,,,,MWSC 0353,,,,False,52,NGC,1528,H52,open cluster
52,7229,NGC1535,PN,1.1094309017790638,-0.22234428080309315,Eri,0.85,,,9.6,9.6,10.9,10.86,10.25,,,0.8232,3.374,-1.626,-1.0,-5e-06,,12.19,12.18,,,,"BD -13 842,HD 26847","2MASX J04141578-1244216,IRAS 04119-1251,PN G206.4-40.5",,,,False,53,NGC,1535,H53,nebula
53,7240,NGC1545,OCl,1.1385553564511974,0.8771210333539237,Per,4.2,,,7.2,6.2,,,,,,1.367,-1.957,-0.082,-13.0,-4.4e-05,,,,,,,,MWSC 0369,,,,False,54,NGC,1545,H54,open cluster
54,7342,NGC1647,OCl,1.2475882564848484,0.3332725599230416,Tau,27.0,,,6.82,6.4,,,,,,1.675,-1.057,-1.502,-2.0,-8e-06,,,,,,,,MWSC 0416,,,,False,55,NGC,1647,H55,open cluster
55,7359,NGC1664,OCl,1.2701219115691385,0.7622929129831301,Aur,11.4,,,8.02,7.6,,,,,,0.734,1.703,-5.738,7.0,2.2e-05,,,,,,,,MWSC 0430,,,,False,56,NGC,1664,H56,open cluster
56,7484,NGC1788,RfN,1.3390471453919595,-0.05831096549544944,Ori,2.0,2.0,,5.8,,,,,,,,,,,,,,,,,,,"IRAS 05044-0325,LBN 916",,"Identified as IR cirrus by Strauss, et al (1992, ApJS, 83, 29).",,False,57,NGC,1788,H57,nebula
57,7515,NGC1817,OCl,1.3632672248659892,0.2911921868437773,Tau,9.3,,,8.44,7.7,,,,,,0.551,0.485,-0.89,66.0,0.000221,,,,,,,,MWSC 0484,,,,False,58,NGC,1817,H58,open cluster
58,7555,NGC1857,OCl,1.396667736205509,0.6866755535131136,Aur,4.5,,,8.08,7.0,,,,,,0.32,0.553,-1.31,0.0,2e-06,,,,,,,,MWSC 0505,,,,False,59,NGC,1857,H59,open cluster
59,7605,NGC1907,OCl,1.4315008719727074,0.6165491937953436,Aur,5.4,,,8.87,8.2,,,,,,0.611,-0.04,-3.418,3.0,9e-06,,,,,,,,MWSC 0552,,,,False,60,NGC,1907,H60,open cluster
60,7629,NGC1931,Cl+N,1.4461034600477267,0.5977151519116004,Aur,4.8,,,,10.1,,,,,,,1.58,-7.55,,,,,,,,,,"2MASX J05312534+3414475,LBN 810,MWSC 0564",,,,False,61,NGC,1931,H61,cluster
61,7659,NGC1961,G,1.4925946679977256,1.2108822854675236,Cam,4.42,3.1,85.0,11.79,11.54,8.79,8.01,7.73,23.47,SABb,,,,3889.0,0.013056,,,,,,2133,,"2MASX J05420477+6922421,IRAS 05365+6921,MCG +12-06-007,PGC 017625,UGC 03334",,,,False,62,NGC,1961,H62,galaxy
62,7662,NGC1964,G,1.4545690341404207,-0.38302607913322667,Lep,5.16,2.33,31.0,11.53,10.91,8.65,7.93,7.68,23.25,SABb,2.3938,-4.357,16.233,1656.0,0.005538,,,,,,,,"2MASX J05332175-2156447,ESO 554-010,ESO-LV 554-0100,IRAS 05312-2158,MCG -04-14-003,PGC 017436",,,,False,63,NGC,1964,H63,galaxy
63,7678,NGC1980,Cl+N,1.4636032946810567,-0.10314701953814044,Ori,9.3,,,,2.5,,,,,,,0.46,-1.01,23.0,7.7e-05,,,,,,,,"LBN 977,MWSC 0586",Lower Sword,,,False,64,NGC,1980,H64,Lost Jewel of Orion
64,7697,NGC1999,RfN,1.4679200756976558,-0.11721388849553363,Ori,2.0,2.0,,9.5,,,,,,,,,,,,,,,,,,,LBN 979,,,,False,65,NGC,1999,H65,nebula
65,7720,NGC2022,PN,1.4927081143991052,0.15858982729614587,Ori,0.32,,,12.4,11.6,15.42,11.79,11.03,,,0.5312,-0.331,-1.536,14.0,4.7e-05,,15.89,,,,,HD 37882,"IRAS 05393+0903,PN G196.6-10.9",,,,False,66,NGC,2022,H66,nebula
66,7722,NGC2024,Neb,1.4909889650858907,-0.032398159053825856,Ori,30.0,30.0,,,,,,,,,,,,9.0,2.9e-05,,,,,,,,,,,,False,67,NGC,2024,H67,Flame Nebula
67,7826,NGC2126,OCl,1.5819213463353172,0.8703244303584491,Aur,5.4,,,,,,,,,,0.747,0.848,-2.615,,,,,,,,,,MWSC 0708,,,,False,68,NGC,2126,H68,open cluster
68,7829,NGC2129,OCl,1.5756352521460508,0.4070485970322042,Gem,3.9,,,7.31,6.7,,,,,,0.491,0.266,-2.216,12.0,3.9e-05,,,,,,,,MWSC 0704,,,,False,69,NGC,2129,H69,open cluster
69,7859,NGC2158,OCl,1.6032020004607797,0.4205574454426403,Gem,8.4,,,9.49,8.6,,,,,,0.1833,-0.167,-1.993,27.0,9.1e-05,,,,,,,,MWSC 0733,,,,False,70,NGC,2158,H70,open cluster
70,7870,NGC2169,OCl,1.6074736938050356,0.24373280597260255,Ori,7.2,,,5.99,5.9,,,,,,0.982,-1.068,-1.655,23.0,7.7e-05,,,,,,,,MWSC 0740,,,,False,71,NGC,2169,H71,open cluster
71,7886,NGC2185,Neb,1.618827060589259,-0.10867922845328135,Mon,2.0,2.0,,12.9,,,,,,,,,,,,,,,,,,,LBN 997,,,,False,72,NGC,2185,H72,nebula
72,7887,NGC2186,OCl,1.623674712586673,0.09527025166115381,Ori,4.2,,,9.2,8.7,,,,,,0.413,0.415,-1.993,20.0,6.7e-05,,,,,,,,MWSC 0787,,,,False,73,NGC,2186,H73,open cluster
73,7897,NGC2194,OCl,1.6308581968996732,0.22351849953874048,Ori,8.7,,,9.03,8.5,,,,,,0.263,0.535,-1.468,8.0,2.5e-05,,,,,,,,MWSC 0803,,,,False,74,NGC,2194,H74,open cluster
74,7907,NGC2204,OCl,1.6385892782654863,-0.325780734108856,CMa,6.3,,,9.35,8.6,,,,,,0.209,-0.56,1.964,92.0,0.000308,,,,,,,,MWSC 0822,,,,False,75,NGC,2204,H75,open cluster
75,7918,NGC2215,OCl,1.6616443504638096,-0.1271259042058181,Mon,8.4,,,8.85,8.45,,,,,,1.021,0.436,-3.673,-2.0,-8e-06,,,,,,,,MWSC 0843,,,,False,76,NGC,2215,H76,open cluster
76,7935,NGC2232,OCl,1.6930515503534478,-0.0846038658630629,Mon,9.9,,,,3.9,,,,,,3.071,-4.774,-1.901,26.0,8.6e-05,,,,,,,,MWSC 0861,,,,False,77,NGC,2232,H77,open cluster
77,7947,NGC2244,Dup,1.710099781042824,0.0862706552987175,Mon,,,,,,,,,,,,,,,,,,,,2239,,,,,,,False,78,NGC,2244,H78,open cluster
78,7954,NGC2251,OCl,1.7219476577817787,0.14602103261338115,Mon,5.7,,,7.69,7.3,,,,,,0.658,0.697,-3.806,25.0,8.2e-05,,,,,,,,MWSC 0916,,,,False,79,NGC,2251,H79,open cluster
79,7967,NGC2264,Cl+N,1.7495653115330243,0.17270857131741774,Mon,11.4,,,,3.9,,,,,,1.354,-1.69,-3.727,22.0,7.2e-05,,,,,,,,"LBN 911,MWSC 0954",Christmas Tree Cluster,,,False,80,NGC,2264,H80,Cone Nebula
80,7969,NGC2266,OCl,1.7598162120064043,0.47070754224397293,Gem,4.2,,,,9.5,,,,,,0.273,-0.473,-1.272,38.0,0.000126,,,,,,,,MWSC 0967,,,,False,81,NGC,2266,H81,open cluster
81,7986,NGC2281,OCl,1.7815331984448652,0.7169613793583451,Aur,10.8,,,6.05,5.4,,,,,,1.896,-2.946,-8.321,20.0,6.5e-05,,,,,,,,MWSC 0989,,,,False,82,NGC,2281,H82,open cluster
82,7991,NGC2286,OCl,1.778793758739756,-0.05493714708860818,Mon,5.4,,,8.16,7.5,,,,,,0.407,0.188,-1.468,36.0,0.000119,,,,,,,,MWSC 0987,,,,False,83,NGC,2286,H83,open cluster
83,8006,NGC2301,OCl,1.796620115387313,0.00801445496242174,Mon,10.8,,,6.3,6.0,,,,,,1.135,-1.367,-2.179,27.0,8.8e-05,,,,,,,,MWSC 1000,Great Bird Cluster,,,False,84,NGC,2301,H84,open cluster
84,8009,NGC2304,OCl,1.811623401969769,0.31403321380189086,Gem,4.8,,,,10.0,,,,,,0.219,-0.024,-1.514,39.0,0.000132,,,,,,,,MWSC 1019,,,,False,85,NGC,2304,H85,open cluster
85,8016,NGC2311,OCl,1.8229636787846024,-0.08048294957363183,Mon,6.0,,,,9.6,,,,,,0.462,-1.343,0.93,,,,,,,,,,MWSC 1035,,,,False,86,NGC,2311,H86,open cluster
86,8029,NGC2324,OCl,1.8506278746492342,0.018231903291805213,Mon,8.7,,,8.83,8.4,,,,,,0.191,-0.309,-0.094,42.0,0.000139,,,,,,,,MWSC 1084,,,,False,87,NGC,2324,H87,open cluster
87,8041,NGC2335,OCl,1.8623717588535909,-0.1750327681046569,Mon,8.7,,,7.76,7.2,,,,,,0.585,-0.784,-0.642,9.0,2.9e-05,,,,,,,,MWSC 1100,,,,False,88,NGC,2335,H88,open cluster
88,8049,NGC2343,OCl,1.8679968095886643,-0.1852982129884702,Mon,7.5,,,7.05,6.7,,,,,,0.898,0.193,-0.195,15.0,5e-05,,,,,,,,MWSC 1119,,,,False,89,NGC,2343,H89,Christmas Tree Cluster
89,8059,NGC2353,OCl,1.895886443815012,-0.1791730769413323,Mon,6.6,,,7.3,7.1,,,,,,0.816,-1.121,0.72,33.0,0.000109,,,,,,,,MWSC 1152,,,,False,90,NGC,2353,H90,open cluster
90,8060,NGC2354,OCl,1.8940654836287647,-0.44835617710378,CMa,4.8,,,7.28,6.5,,,,,,0.753,-2.885,1.832,33.0,0.000111,,,,,,,,MWSC 1148,,,,False,91,NGC,2354,H91,open cluster
91,8061,NGC2355,OCl,1.906718393485202,0.23998034808081475,Gem,6.0,,,,9.7,,,,,,0.497,-3.802,-1.086,35.0,0.000118,,,,,2356,,,MWSC 1160,,,,False,92,NGC,2355,H92,open cluster
92,8066,NGC2360,OCl,1.9099079826932215,-0.27299228125492525,CMa,9.0,,,7.62,7.2,,,,,,0.9018,0.385,5.589,27.0,9.1e-05,,,,,,,,"C 058,MWSC 1165",Caroline's Cluster,,,False,93,NGC,2360,H93,open cluster
93,8068,NGC2362,OCl,1.9141513144371327,-0.4355328552384327,CMa,7.2,,,,4.1,,,,,,0.742,-2.791,2.953,29.0,9.6e-05,,,,,,,,"C 064,MWSC 1173,Tau CMa",,,,False,94,NGC,2362,H94,Tau Canis Majoris Cluster
94,8079,NGC2371,PN,1.9441993391717802,0.5147087471277932,Gem,2.2,0.96,125.0,13.0,11.2,15.21,15.5,15.49,,,0.5322,-1.313,-7.069,21.0,7e-05,13.28,14.48,14.85,,2372,,UCAC2 42051185,"IRAS 07224+2935,PN G189.1+19.8",,"Identified as a planetary neb. by Strauss, et al (1992, ApJS, 83, 29).",,False,95,NGC,2371,H95,nebula
95,8080,NGC2372,Dup,1.9441993391717802,0.5147087471277932,Gem,,,,,,,,,,,,,,,,,,,,2371,,,,,,,False,96,NGC,2372,H96,nebula
96,8100,NGC2392,PN,1.9599145746449456,0.3649803442949675,Gem,0.86,,,10.12,9.61,10.87,10.92,10.94,,,0.5004,-1.412,0.55,84.0,0.000281,9.3,10.38,10.53,,,,"BD +21 1609,HD 59088,HIP 36369,TYC 1372-01287-1","C 039,IRAS 07262+2100,PN G197.8+17.3",Eskimo Nebula,,,False,97,NGC,2392,H97,Eskimo Nebula
97,8103,NGC2395,OCl,1.9513399174740018,0.23750779830715615,Gem,4.62,,,8.81,8.0,,,,,,,-0.08,-6.12,,,,,,,,,,MWSC 1228,,,,False,98,NGC,2395,H98,open cluster
98,8115,NGC2403,G,1.9934132607548902,1.1449805921669423,Cam,19.95,10.07,126.0,8.83,8.43,6.98,6.42,6.19,23.48,SABc,,,,129.0,0.00043,,,,,,,,"2MASX J07365139+6536091,C 007,IRAS 07321+6543,MCG +11-10-007,PGC 021396,UGC 03918",,,,False,99,NGC,2403,H99,galaxy
99,8131,NGC2419,GCl,1.9989801338482305,0.6785835283617142,Lyn,4.5,,,,10.05,,,,,,,-0.02,-0.57,-21.0,-6.9e-05,,,,,,,,"2MASX J07380795+3852479,C 025,MWSC 1290",,,,False,100,NGC,2419,H100,globular cluster
100,8132,NGC2420,OCl,2.000140050580285,0.3765387872663,Gem,7.5,,,9.0,8.3,,,,,,0.363,-1.19,-2.125,74.0,0.000248,,,,,,,,MWSC 1292,,,,False,101,NGC,2420,H101,open cluster
101,8133,NGC2421,OCl,1.9905341947096213,-0.35975162874420125,Pup,5.1,,,8.69,8.3,,,,,,0.343,-3.131,3.097,,,,,,,,,,MWSC 1277,,,,False,102,NGC,2421,H102,open cluster
102,8134,NGC2422,OCl,1.9922220735404041,-0.25276924817480323,Pup,19.8,,,4.42,4.4,,,,,,2.069,-7.02,0.959,34.0,0.000114,,,,047,2478,,,MWSC 1278,,,,False,103,NGC,2422,H103,open cluster
103,8135,NGC2423,OCl,1.9945280898146016,-0.24210334719039345,Pup,11.7,,,7.15,6.7,,,,,,1.0438,-0.734,-3.633,18.0,6.2e-05,,,,,,,,MWSC 1283,,,,False,104,NGC,2423,H104,open cluster
104,8152,NGC2438,PN,2.015156427132131,-0.2571878400644355,Pup,1.07,,,10.1,10.8,17.02,,,,,2.3687,-6.027,2.456,77.0,0.000257,,17.7,,,,,"HD 62099,BD -14 2129","IRAS 07395-1437,PN G231.8+04.1",,,,False,105,NGC,2438,H105,nebula
105,8154,NGC2440,PN,2.015517855731398,-0.3177977920357064,Pup,0.27,,,10.8,9.4,,,,,,,,,63.0,0.000209,,,17.65,,,,"BD -17 2105,HD 62166","ESO 560-009,IRAS 07396-1805,PN G234.8+02.4",,,,False,106,NGC,2440,H106,nebula
106,8193,NGC2479,OCl,2.0730199095999167,-0.3090595102473881,Pup,6.3,,,,9.6,,,,,,0.626,-4.318,1.053,,,,,,,,,,MWSC 1380,,,,False,107,NGC,2479,H107,open cluster
107,8196,NGC2482,OCl,2.073332614424232,-0.4233233074933702,Pup,6.6,,,7.71,7.3,,,,,,0.72,-4.722,2.189,39.0,0.000131,,,,,,,,MWSC 1382,,,,False,108,NGC,2482,H108,open cluster
108,8203,NGC2489,OCl,2.078028277332619,-0.5246605175599288,Pup,4.2,,,8.58,7.9,,,,,,0.465,-2.529,2.102,38.0,0.000126,,,,,,,,MWSC 1386,,,,False,109,NGC,2489,H109,open cluster
109,8220,NGC2506,OCl,2.094524547646052,-0.18796565786193487,Mon,10.8,,,8.28,7.6,,,,,,0.292,-2.571,3.912,85.0,0.000283,,,,,,,,"C 054,MWSC 1406",,,,False,110,NGC,2506,H110,open cluster
110,8223,NGC2509,OCl,2.0978726709277944,-0.33249443396486084,Pup,4.8,,,,9.3,,,,,,0.363,-2.708,0.764,61.0,0.000203,,,,,,,,MWSC 1410,,,,False,111,NGC,2509,H111,open cluster
111,8244,NGC2527,Dup,2.116079363908182,-0.49125200679467057,Pup,,,,,,,,,,,,,,,,,,,,2520,,,,,,,False,112,NGC,2527,H112,open cluster
112,8257,NGC2539,OCl,2.1407175951821684,-0.22376284563401966,Pup,12.3,,,7.05,6.5,,,,,,0.754,-2.331,-0.584,29.0,9.8e-05,,,,,,,,MWSC 1439,,,,False,113,NGC,2539,H113,open cluster
113,8266,NGC2548,OCl,2.154258441295558,-0.1003641890085717,Hya,28.2,,,6.11,5.8,,,,,,1.2897,-1.33,1.016,42.0,0.000138,,,,048,,,,MWSC 1454,,,,False,114,NGC,2548,H114,open cluster
114,8286,NGC2567,OCl,2.1754932805281553,-0.5346922822494472,Pup,6.0,,,7.77,7.4,,,,,,0.542,-2.955,2.58,37.0,0.000123,,,,,,,,MWSC 1467,,,,False,115,NGC,2567,H115,open cluster
115,8290,NGC2571,OCl,2.1770328063725186,-0.5192228473126042,Pup,7.2,,,7.16,7.0,,,,,,0.732,-4.902,4.246,44.0,0.000147,,,,,,,,MWSC 1469,,,,False,115,NGC,2571,H116,open cluster
116,8334,NGC2613,G,2.240045737354209,-0.40096612458900394,Pyx,7.62,1.79,113.0,11.11,10.38,7.83,7.12,6.83,23.28,Sb,,,,1676.0,0.005606,,,,,,,,"2MASX J08332284-2258252,ESO 495-018,ESO-LV 495-0180,IRAS 08311-2248,MCG -04-21-003,PGC 023997,UGCA 141",,,,False,116,NGC,2613,H117,open cluster
117,8348,NGC2627,OCl,2.2569245256620376,-0.5227333831775183,Pyx,5.4,,,,8.4,,,,,,0.521,-2.381,2.879,29.0,9.6e-05,,,,,,,,"ESO 431-020,MWSC 1514",,,,False,118,NGC,2627,H118,open cluster
118,8377,NGC2655,G,2.337121677570655,1.3652503552285677,Cam,3.93,2.06,16.0,10.98,10.39,7.88,7.18,6.95,22.51,S0-a,,,,1410.0,0.004713,,,,,,,,"2MASX J08553773+7813230,IRAS 08491+7824,MCG +13-07-010,PGC 025069,UGC 04637",,,,False,119,NGC,2655,H119,galaxy
119,8404,NGC2681,G,2.328032148270373,0.8955924346041969,UMa,3.97,3.97,70.0,11.15,10.86,8.41,7.71,7.45,22.88,S0-a,,,,674.0,0.00225,,,,,,,,"2MASX J08533273+5118493,IRAS 08500+5130,MCG +09-15-041,PGC 024961,UGC 04645",,,,False,120,NGC,2681,H120,galaxy
120,8406,NGC2683,G,2.324293507568497,0.5833195792784147,Lyn,9.48,2.7,44.0,9.99,9.69,7.31,6.6,6.33,22.76,Sb,,,,409.0,0.001364,,,,,,,,"2MASX J08524134+3325184,IRAS 08495+3336,MCG +06-20-011,PGC 024930,UGC 04641",,,,False,121,NGC,2683,H121,galaxy
121,8471,NGC2742,G,2.3891761225113863,1.055563496077824,UMa,2.86,1.49,87.0,12.08,11.49,9.71,9.12,8.81,22.56,Sc,,,,1277.0,0.00427,,,,,,,,"2MASX J09073352+6028454,IRAS 09036+6040,MCG +10-13-057,PGC 025640,SDSS J090733.58+602846.0,UGC 04779",,,,False,122,NGC,2742,H122,galaxy
122,8500,NGC2768,G,2.40691812157843,1.0478472015292843,UMa,5.64,2.24,93.0,10.82,9.87,7.93,7.23,7.0,23.38,E,,,,1373.0,0.00459,,,,,,,,"2MASX J09113750+6002139,MCG +10-13-065,PGC 025915,SDSS J091137.39+600214.8,UGC 04821",,,,False,123,NGC,2768,H123,galaxy
123,8507,NGC2775,G,2.4012908891817917,0.12283530312799869,Cnc,4.25,3.36,159.0,11.14,10.24,7.92,7.41,7.04,22.88,Sab,,,,1350.0,0.004513,,,,,,,,"2MASX J09102011+0702165,C 048,IRAS 09076+0714,MCG +01-24-005,PGC 025861,SDSS J091020.13+070216.8,UGC 04820",,,,False,124,NGC,2775,H124,galaxy
124,8514,NGC2782,G,2.4176526236987166,0.7001160431945133,Lyn,3.25,2.41,20.0,12.32,12.36,9.79,9.12,8.87,23.47,SABa,,,,2538.0,0.008503,,,,,,,,"2MASX J09140511+4006496,IRAS 09108+4019,MCG +07-19-036,PGC 026034,SDSS J091405.13+400649.1,UGC 04862",,,,False,125,NGC,2782,H125,galaxy
125,8520,NGC2787,G,2.440450259832371,1.2078245655807658,UMa,3.24,1.81,114.0,11.6,11.25,8.22,7.52,7.26,22.84,S0-a,,,,695.0,0.00232,,,,,,,,"2MASX J09191853+6912122,IRAS 09148+6924,MCG +12-09-039,PGC 026341,UGC 04914",,,,False,126,NGC,2787,H126,galaxy
126,8548,NGC2811,G,2.426815602271687,-0.2847107127410239,Hya,3.05,1.03,20.0,12.25,11.45,8.94,8.23,7.98,22.93,SBa,,,,2431.0,0.008142,,,,,,,,"2MASX J09161109-1618457,IRAS 09138-1606,MCG -03-24-003,PGC 026151,UGCA 155",,,,False,127,NGC,2811,H127,galaxy
127,8582,NGC2841,G,2.4523788580492303,0.8897082509565706,UMa,6.9,3.31,147.0,10.06,10.18,7.01,6.3,6.06,22.48,SBb,,,,569.0,0.0019,,,,,,,,"2MASX J09220265+5058353,IRAS 09185+5111,MCG +09-16-005,PGC 026512,SDSS J092202.66+505835.7,UGC 04966",,,,False,128,NGC,2841,H128,galaxy
128,8600,NGC2859,G,2.462261784938649,0.6023742113870629,LMi,3.19,2.78,85.0,11.87,10.94,8.91,8.23,8.04,23.11,S0-a,,,,1678.0,0.005614,,,,,,,,"2MASX J09241854+3430481,MCG +06-21-030,PGC 026649,SDSS J092418.53+343048.5,UGC 05001",,,,False,129,NGC,2859,H129,galaxy
129,8646,NGC2903,G,2.496556050299294,0.3752603335892141,Leo,11.94,5.28,22.0,9.53,8.91,6.95,6.33,6.04,23.02,Sbc,,,,556.0,0.001855,,,,,2905,,,"2MASX J09321011+2130029,IRAS 09293+2143,MCG +04-23-009,PGC 027077,UGC 05079",,,,False,130,NGC,2903,H130,galaxy
130,8695,NGC2950,G,2.5420102417853996,1.027148566227994,UMa,2.62,1.65,142.0,11.93,11.03,8.83,8.16,7.89,22.74,S0,,,,1369.0,0.004576,,,,,,,,"2MASX J09423511+5851043,MCG +10-14-032,PGC 027765,SDSS J094235.14+585104.5,UGC 05176",,,,False,131,NGC,2950,H131,galaxy
131,8711,NGC2964,G,2.5433977785407347,0.5558417942741696,Leo,2.92,2.18,97.0,12.04,11.37,9.29,8.61,8.36,22.88,Sbc,,,,1314.0,0.004393,,,,,,,,"2MASX J09425425+3150499,IRAS 09399+3204,MCG +05-23-027,PGC 027777,UGC 05183",,One of two 6cm sources associated with [WB92] 0940+3206,,False,132,NGC,2964,H132,galaxy
132,8721,NGC2974,G,2.5418742515478483,-0.0645621530996758,Sex,3.48,2.13,44.0,11.88,10.89,7.25,6.86,6.26,23.42,E,,,,1966.0,0.006578,,,,,2652,,,"2MASX J09423326-0341568,IRAS 09400-0328,MCG +00-25-008,PGC 027762,UGCA 172",,,,False,133,NGC,2974,H133,galaxy
133,8723,NGC2976,G,2.5623949602281715,1.1853646021760045,UMa,5.77,3.01,143.0,10.81,10.16,8.35,7.72,7.52,22.81,Sc,,,,12.0,4e-05,,,,,,,,"2MASX J09471545+6754589,IRAS 09431+6809,MCG +11-12-025,PGC 028120,SDSS J094715.31+675500.0,UGC 05221",,,,False,134,NGC,2976,H134,galaxy
134,8732,NGC2985,G,2.575977257911296,1.2615002274711271,UMa,3.61,2.92,177.0,11.21,10.51,8.31,7.49,7.36,22.6,Sab,,,,1288.0,0.004306,,,,,,,,"2MASX J09502223+7216431,IRAS 09459+7230,MCG +12-10-006,PGC 028316,UGC 05253",,,,False,135,NGC,2985,H135,galaxy
135,8783,NGC3034,G,2.600011896152301,1.2161347568886645,UMa,10.99,5.11,66.0,8.94,8.3,5.84,5.07,4.67,22.22,S?,,,,219.0,0.00073,,,,082,,,,"2MASX J09555243+6940469,IRAS 09517+6954,MCG +12-10-011,PGC 028655,SDSS J095551.73+694048.6,UGC 05322",Cigar Galaxy,,,False,136,NGC,3034,H136,Cigar Galaxy
136,8834,NGC3077,G,2.6324706569162655,1.1996331536247393,UMa,5.21,4.32,49.0,10.63,9.88,8.12,7.55,7.3,22.8,S?,,,,12.0,4e-05,,,,,,,,"2MASX J10031907+6844022,IRAS 09592+6858,MCG +12-10-017,PGC 029146,SDSS J100318.96+684403.9,UGC 05398",,,,False,137,NGC,3077,H137,galaxy
137,8836,NGC3079,G,2.6265605357367,0.9717954490009937,UMa,8.18,1.29,166.0,11.41,10.71,8.44,7.64,7.26,23.17,SBc,,,,1127.0,0.003766,,,,,,,,"2MASX J10015792+5540480,IRAS 09585+5555,MCG +09-17-010,PGC 029050,SDSS J100157.94+554047.8,UGC 05387",,,,False,138,NGC,3079,H138,galaxy
138,8874,NGC3115,G,2.6408271479307097,-0.13471469275622566,Sex,7.1,3.01,43.0,10.08,9.09,6.79,6.12,5.88,23.02,E-S0,,,,665.0,0.002222,,,,,,,,"2MASX J10051397-0743068,C 053,MCG -01-26-018,PGC 029265,UGCA 199",Spindle Galaxy,,,False,139,NGC,3115,H139,Spindle Galaxy
139,8908,NGC3147,G,2.6917085861699968,1.2810847609332279,Dra,4.11,3.55,152.0,11.26,11.94,8.37,7.76,7.41,22.95,Sbc,,,,2791.0,0.009353,,,,,,,,"2MASX J10165363+7324023,IRAS 10126+7339,MCG +12-10-025,PGC 030019,UGC 05532",,,,False,140,NGC,3147,H140,galaxy
140,8927,NGC3166,G,2.678033204260099,0.05977267874399469,Sex,4.5,2.84,87.0,11.42,10.62,8.17,7.49,7.21,23.27,S0-a,,,,1328.0,0.00444,,,,,,,,"2MASX J10134567+0325288,IRAS 10111+0340,MCG +01-26-024,PGC 029814,SDSS J101345.77+032529.8,SDSS J101345.78+032529.9,UGC 05516",,Multiple SDSS entries describe this object.,,False,141,NGC,3166,H141,galaxy
141,8930,NGC3169,G,2.680174868696401,0.060494566315166795,Sex,4.34,2.65,49.0,11.25,10.89,8.25,7.56,7.28,22.93,Sa,,,,1251.0,0.00418,,,,,,,,"2MASX J10141509+0327580,IRAS 10116+0342,MCG +01-26-026,PGC 029855,SDSS J101414.21+032802.6,SDSS J101415.04+032758.0,UGC 05525",,,,False,142,NGC,3169,H142,galaxy
142,8945,NGC3184,G,2.697759788130765,0.7229861589734933,UMa,7.4,7.18,117.0,10.41,9.84,8.08,7.43,7.23,23.47,SABc,,,,590.0,0.00197,,,,,,,,"2MASX J10181698+4125277,IRAS 10152+4140,MCG +07-21-037,PGC 030087,SDSS J101816.90+412527.5,UGC 05557",,IRAS source is extended over optical size of galaxy.,,False,143,NGC,3184,H143,galaxy
143,8952,NGC3190,Dup,2.6969431194849363,0.38104561524589425,Leo,,,,,,,,,,,,,,,,,,,,3189,,,,,,,False,144,NGC,3190,H144,galaxy
144,8955,NGC3193,G,2.698344473430183,0.3821219016179574,Leo,2.36,2.16,20.0,11.99,11.02,8.86,8.19,7.98,22.73,E,,,,1378.0,0.004607,,,,,,,,"2MASX J10182488+2153383,MCG +04-24-027,PGC 030099,UGC 05562",,,,False,145,NGC,3193,H145,galaxy
145,8960,NGC3198,G,2.7048930942277702,0.7949906868918816,UMa,6.46,1.84,30.0,10.9,10.38,8.73,8.06,7.78,22.68,Sc,,,,680.0,0.00227,,,,,,,,"2MASX J10195499+4532588,IRAS 10168+4548,MCG +08-19-020,PGC 030197,SDSS J101954.92+453259.0,SDSS J101954.92+453259.1,UGC 05572",,,,False,146,NGC,3198,H146,galaxy
146,8988,NGC3226,G,2.720314532610183,0.34729482602177275,Leo,3.13,2.26,13.0,12.36,12.95,9.41,8.89,8.57,23.69,E,,,,1266.0,0.00423,,,,,,,,"2MASX J10232701+1953543,MCG +03-27-015,PGC 030440,SDSS J102326.99+195354.6,SDSS J102326.99+195354.7,UGC 05617",,,,False,147,NGC,3226,H147,galaxy
147,8989,NGC3227,G,2.720574150336418,0.3467106255360358,Leo,3.98,1.86,156.0,11.55,11.72,11.27,10.53,9.92,22.88,SABa,,,,1091.0,0.00365,,,,,,,,"2MASX J10233060+1951538,IRAS 10207+2007,MCG +03-27-016,PGC 030445,SDSS J102330.57+195154.3,UGC 05620",,,,False,148,NGC,3227,H148,galaxy
148,9004,NGC3242,PN,2.726064665274983,-0.3253681576662318,Hya,0.42,,,8.6,7.7,12.1,12.46,11.75,,,0.6819,-4.557,0.66,5.0,1.6e-05,,12.02,12.31,,,,"BD -17 3140,HD 90255,SAO 155965","C 059,ESO 568-005,IRAS 10223-1823,PN G261.0+32.0",Jupiter's Ghost Nebula,,,False,149,NGC,3242,H149,Ghost of Jupiter
149,9007,NGC3245,G,2.7371409610404522,0.4975487668849213,LMi,3.61,2.3,176.0,11.66,10.75,8.79,8.1,7.86,23.17,S0,,,,1332.0,0.004453,,,,,,,,"2MASX J10271836+2830267,IRAS 10245+2845,MCG +05-25-013,PGC 030744,SDSS J102718.40+283026.6,UGC 05663",,,,False,150,NGC,3245,H150,galaxy
150,9053,NGC3277,G,2.7616526559436694,0.49762342819181216,LMi,2.11,1.59,29.0,12.47,11.65,9.83,9.16,8.93,22.66,Sab,,,,1415.0,0.00473,,,,,,,,"2MASX J10325545+2830422,IRAS 10301+2846,MCG +05-25-022,PGC 031166,UGC 05731",,,,False,151,NGC,3277,H151,galaxy
151,9079,NGC3294,G,2.7762552440186887,0.6514388103563913,LMi,3.08,1.6,119.0,12.14,11.68,9.37,8.62,8.38,22.78,SABc,,,,1564.0,0.00523,,,,,,,,"2MASX J10361626+3719285,IRAS 10333+3734,MCG +06-23-021,PGC 031428,SDSS J103616.24+371928.8,SDSS J103616.25+371928.9,UGC 05753",,The position in 1987A&AS...70..191S is 13 arcsec southeast of the nucleus.,,False,152,NGC,3294,H152,galaxy
152,9097,NGC3310,G,2.787135190243308,0.9338102970860618,UMa,1.8,1.73,10.0,11.28,11.61,9.46,8.88,8.62,21.27,SABb,,,,1007.0,0.003366,,,,,,,,"2MASX J10384585+5330118,IRAS 10356+5345,MCG +09-18-008,PGC 031650,SDSS J103845.85+533012.1,UGC 05786",,,,False,153,NGC,3310,H153,galaxy
153,9135,NGC3344,G,2.8078820645058693,0.43497483469147574,LMi,6.7,6.37,150.0,10.5,9.98,8.2,7.65,7.44,23.33,Sbc,,,,584.0,0.001951,,,,,,,,"2MASX J10433114+2455199,IRAS 10407+2511,MCG +04-25-046,PGC 031968,UGC 05840",,,,False,154,NGC,3344,H154,galaxy
154,9171,NGC3377,G,2.8261483895690334,0.24410029474288358,Leo,3.87,1.87,36.0,11.13,10.27,8.29,7.63,7.44,22.89,E,,,,695.0,0.002322,,,,,,,,"2MASX J10474239+1359083,MCG +02-28-009,PGC 032249,UGC 05899",,,,False,155,NGC,3377,H155,galaxy
155,9174,NGC3379,G,2.8266763516677615,0.219590539094391,Leo,4.89,4.25,71.0,10.23,9.27,7.17,6.49,6.27,22.54,E,,,,875.0,0.002922,,,,105,,,,"2MASX J10474959+1234538,MCG +02-28-011,PGC 032256,UGC 05902",,,,False,156,NGC,3379,H156,galaxy
156,9179,NGC3384,G,2.8286616636919053,0.22042247937117498,Leo,5.24,2.37,53.0,10.89,9.96,7.67,7.0,6.75,23.17,E-S0,,,,731.0,0.002442,,,,,3371,,,"2MASX J10481689+1237454,MCG +02-28-012,PGC 032292,SDSS J104816.88+123745.3,UGC 05911",,Identification as NGC 3371 is not certain.,,False,157,NGC,3384,H157,galaxy
157,9190,NGC3395,G,2.835440813394859,0.5756595231168842,LMi,1.6,0.89,40.0,12.39,12.06,10.76,10.11,9.95,21.65,Sc,,,,1630.0,0.00545,,,,,,2613,,"2MASX J10495011+3258582,MCG +06-24-017,PGC 032424,UGC 05931",,,,False,158,NGC,3395,H158,galaxy
158,9211,NGC3412,G,2.840034665430213,0.234085983345885,Leo,3.96,2.17,155.0,11.44,10.53,8.53,7.86,7.67,23.14,S0,,,,864.0,0.002885,,,,,,,,"2MASX J10505331+1324437,MCG +02-28-016,PGC 032508,SDSS J105053.27+132443.6,UGC 05952",,,,False,159,NGC,3412,H159,galaxy
159,9213,NGC3414,G,2.8417021820863893,0.4882577975001381,LMi,2.67,1.37,9.0,12.06,11.09,8.89,8.22,7.98,22.89,S0,,,,1450.0,0.00485,,,,,,,,"2MASX J10511624+2758298,MCG +05-26-021,PGC 032533,SDSS J105116.20+275830.3,UGC 05959",,,,False,160,NGC,3414,H160,galaxy
160,9232,NGC3432,G,2.847150518234698,0.6391182402783547,LMi,7.41,2.08,33.0,11.66,11.27,9.91,9.29,9.06,23.63,SBm,,,,618.0,0.002064,,,,,,,,"2MASX J10523113+3637076,IRAS 10497+3653,MCG +06-24-028,PGC 032643,UGC 05986",,,,False,161,NGC,3432,H161,galaxy
161,9288,NGC3486,G,2.8815291411758563,0.5057115748337625,LMi,5.82,4.12,80.0,11.07,10.57,8.93,8.16,8.0,23.35,Sc,,,,680.0,0.002272,,,,,,,,"2MASX J11002394+2858293,IRAS 10576+2914,MCG +05-26-032,PGC 033166,SDSS J110023.86+285830.4,UGC 06079",,,,False,162,NGC,3486,H162,galaxy
162,9291,NGC3489,G,2.881143714299374,0.24262209782918062,Leo,3.44,2.03,70.0,11.06,10.23,8.27,7.55,7.37,22.44,S0-a,,,,696.0,0.002325,,,,,,,,"2MASX J11001858+1354045,MCG +02-28-039,PGC 033160,UGC 06082",,,,False,163,NGC,3489,H163,galaxy
163,9308,NGC3504,G,2.893698449385387,0.48821222501411377,LMi,2.48,2.24,150.0,11.62,12.18,9.24,8.61,8.27,22.27,Sab,,,,1526.0,0.005104,,,,,,,,"2MASX J11031119+2758207,IRAS 11004+2814,MCG +05-26-039,PGC 033371,SDSS J110311.24+275820.2,UGC 06118",,,,False,164,NGC,3504,H164,galaxy
164,9325,NGC3521,G,2.905142718734818,-0.0006258944623124109,Leo,8.32,4.47,162.0,9.9,9.11,6.74,6.03,5.78,22.75,SABb,,,,797.0,0.002663,,,,,,,,"2MASX J11054859-0002092,IRAS 11032+0014,MCG +00-28-030,PGC 033550,UGC 06150",,Extended HIPASS source,,False,165,NGC,3521,H165,galaxy
165,9367,NGC3556,G,2.930042022176082,0.9716965470100475,UMa,3.98,1.66,79.0,10.7,10.05,8.02,7.37,7.04,21.7,Sc,,,,697.0,0.002328,,,,108,,,,"2MASX J11113096+5540268,IRAS 11085+5556,MCG +09-18-098,PGC 034030,SDSS J111131.06+554027.4,UGC 06225",,,,False,166,NGC,3556,H166,galaxy
166,9407,NGC3593,G,2.9435705055406034,0.22371048575645983,Leo,4.69,1.85,91.0,11.85,10.91,8.41,7.63,7.42,23.82,S0-a,,,,626.0,0.002091,,,,,,,,"2MASX J11143700+1249048,IRAS 11119+1305,MCG +02-29-014,PGC 034257,SDSS J111436.99+124903.6,SDSS J111437.00+124903.6,UGC 06272",,,,False,167,NGC,3593,H167,galaxy
167,9421,NGC3607,G,2.9535799688007907,0.3150624732468864,Leo,4.59,4.03,120.0,10.93,10.0,7.91,7.28,6.99,22.99,E-S0,,,,953.0,0.00319,,,,,,,,"2MASX J11165465+1803065,MCG +03-29-020,PGC 034426,SDSS J111654.63+180306.3,UGC 06297",,,,False,168,NGC,3607,H168,galaxy
168,9422,NGC3608,G,2.9538934008456277,0.31675447299395865,Leo,3.18,2.67,78.0,11.57,10.63,8.95,8.38,8.1,22.95,E,,,,1185.0,0.003959,,,,,,,,"2MASX J11165896+1808547,MCG +03-29-022,PGC 034433,SDSS J111658.95+180855.2,UGC 06299",,,,False,169,NGC,3608,H169,galaxy
169,9424,NGC3610,G,2.9601707683886342,1.0260141022141975,UMa,2.39,2.37,135.0,11.63,10.77,8.84,8.17,7.91,22.39,E,,,,1765.0,0.005904,,,,,,,,"2MASX J11182527+5847104,MCG +10-16-107,PGC 034566,SDSS J111825.27+584710.6,UGC 06319",,,,False,170,NGC,3610,H170,galaxy
170,9427,NGC3613,G,2.9609590754341184,1.0122909661567112,UMa,3.55,1.78,100.0,11.74,10.81,8.93,8.24,8.0,23.31,E,,,,2013.0,0.006738,,,,,,,,"2MASX J11183613+5759597,MCG +10-16-109,PGC 034583,SDSS J111836.10+580000.0,UGC 06323",,,,False,171,NGC,3613,H171,galaxy
171,9434,NGC3619,G,2.9642642927050824,1.008064360484798,UMa,3.89,3.08,25.0,12.53,,9.57,8.87,8.58,24.2,S0-a,,,,1567.0,0.00524,,,,,,,,"2MASX J11192162+5745276,IRAS 11164+5802,MCG +10-16-115,PGC 034641,SDSS J111921.56+574528.1,UGC 06330",,,,False,172,NGC,3619,H172,galaxy
172,9436,NGC3621,G,2.9595337232116563,-0.5727133103767815,Hya,9.79,4.03,161.0,10.1,9.55,7.46,6.8,6.6,23.03,SBcd,,,,730.0,0.002437,,,,,,,,"2MASX J11181630-3248453,ESO 377-037,ESO-LV 377-0370,IRAS 11158-3232,MCG -05-27-008,PGC 034554,UGCA 232",,,,False,173,NGC,3621,H173,galaxy
173,9441,NGC3626,G,2.9673367994091144,0.32038718190651244,Leo,2.94,1.94,157.0,11.8,10.98,9.1,8.45,8.16,22.86,S0-a,,,,1488.0,0.004977,,,,,3632,,,"2MASX J11200379+1821244,C 040,MCG +03-29-032,PGC 034684,SDSS J112003.81+182124.6,UGC 06343",,,,False,174,NGC,3626,H174,galaxy
174,9443,NGC3628,G,2.9682938216156245,0.23718491239553718,Leo,11.04,3.44,104.0,9.97,9.45,7.17,6.38,6.07,23.13,SBb,,,,862.0,0.00288,,,,,,,,"2MASX J11201701+1335221,IRAS 11176+1351,MCG +02-29-020,PGC 034697,SDSS J112017.01+133522.8,SDSS J112017.01+133522.9,UGC 06350",,,,False,175,NGC,3628,H175,galaxy
175,9446,NGC3631,G,2.9716317638100636,0.9279838062664872,UMa,3.72,3.08,118.0,10.71,10.42,8.91,8.22,7.99,22.15,Sc,,,,1149.0,0.00384,,,,,,,,"2MASX J11210294+5310099,IRAS 11181+5326,MCG +09-19-047,PGC 034767,SDSS J112102.87+531010.4,UGC 06360",,One of two 6cm sources associated with [WB92] 1117+5321,,False,176,NGC,3631,H176,galaxy
176,9455,NGC3640,G,2.971921197577686,0.0564584924199299,Leo,4.33,3.81,98.0,11.34,10.41,8.44,7.79,7.52,23.38,E,,,,1315.0,0.004396,,,,,,,,"2MASX J11210685+0314051,MCG +01-29-033,PGC 034778,UGC 06368",,,,False,177,NGC,3640,H177,galaxy
177,9472,NGC3655,G,2.9797584531396626,0.2895506077195404,Leo,1.45,1.0,32.0,12.32,11.67,9.8,9.11,8.83,21.56,Sc,,,,1498.0,0.00501,,,,,,,,"2MASX J11225460+1635246,IRAS 11202+1651,MCG +03-29-039,PGC 034935,SDSS J112254.61+163524.0,SDSS J112254.61+163524.1,UGC 06396",,Multiple SDSS entries describe this object.,,False,178,NGC,3655,H178,galaxy
178,9483,NGC3665,G,2.9876887929284117,0.6765395538821565,UMa,4.06,3.0,29.0,11.78,10.83,8.62,7.93,7.68,23.55,S0,,,,1987.0,0.00665,,,,,,,,"2MASX J11244363+3845460,IRAS 11220+3902,MCG +07-24-003,PGC 035064,SDSS J112443.66+384546.0,UGC 06426",,,,False,179,NGC,3665,H179,galaxy
179,9494,NGC3675,G,2.993863622377863,0.7607177533332052,UMa,5.9,3.27,178.0,10.96,10.09,7.84,7.1,6.86,23.13,Sb,,,,761.0,0.002542,,,,,,,,"2MASX J11260858+4335093,IRAS 11234+4351,MCG +07-24-004,PGC 035164,SDSS J112608.55+433509.6,UGC 06439",,,,False,180,NGC,3675,H180,galaxy
180,9506,NGC3686,G,3.000800578934019,0.30061890405927105,Leo,2.88,2.18,21.0,12.0,11.43,9.44,8.69,8.49,22.82,SBbc,,,,1153.0,0.003853,,,,,,,,"2MASX J11274394+1713266,IRAS 11251+1729,MCG +03-29-051,PGC 035268,SDSS J112743.97+171327.0,UGC 06460",,,,False,181,NGC,3686,H181,galaxy
181,9550,NGC3726,G,3.0253188188219307,0.820814287616181,UMa,5.27,3.54,14.0,10.66,10.49,8.62,7.93,7.78,22.7,Sc,0.3384,0.886,2.183,860.0,0.002872,,,,,,,,"2MASX J11332117+4701447,IRAS 11306+4718,MCG +08-21-051,PGC 035676,SDSS J113321.12+470145.1,UGC 06537",,The Bologna position is 7 arcsec southwest of the center.,,False,182,NGC,3726,H182,galaxy
182,9553,NGC3729,G,3.027369580693024,0.9272158613956097,UMa,2.89,2.09,14.0,11.72,11.56,9.36,8.73,8.73,22.59,Sa,,,,1016.0,0.003396,,,,,,,,"2MASX J11334932+5307317,IRAS 11310+5324,MCG +09-19-117,PGC 035711,SDSS J113349.32+530731.9,UGC 06547",,,,False,183,NGC,3729,H183,galaxy
183,9641,NGC3810,G,3.0585993387753763,0.2002091425646751,Leo,3.35,2.29,28.0,11.28,10.75,8.84,8.29,7.95,22.32,Sc,,,,988.0,0.0033,,,,,,,,"2MASX J11405873+1128160,IRAS 11383+1144,MCG +02-30-010,PGC 036243,SDSS J114058.75+112816.0,SDSS J114058.75+112816.1,SDSS J114058.76+112816.1,UGC 06644",,,,False,184,NGC,3810,H184,galaxy
184,9644,NGC3813,G,3.0600465076134884,0.6378620880305997,UMa,2.12,1.22,85.0,12.28,11.7,9.81,9.14,8.86,22.24,Sb,,,,1462.0,0.00489,,,,,,,,"2MASX J11411865+3632481,MCG +06-26-019,PGC 036266,SDSS J114118.65+363248.4,UGC 06651",,,,False,185,NGC,3813,H185,galaxy
185,9712,NGC3877,G,3.081066089571673,0.8289324927063603,UMa,5.36,1.23,36.0,11.8,11.0,8.76,8.02,7.75,23.01,Sc,,,,904.0,0.00302,,,,,,,,"2MASX J11460778+4729401,IRAS 11434+4746,MCG +08-22-002,PGC 036699,SDSS J114607.79+472941.1,SDSS J114607.80+472941.1,SDSS J114607.80+472941.2,UGC 06745",,,,False,186,NGC,3877,H186,galaxy
186,9728,NGC3893,G,3.092010031202199,0.8501644230568712,UMa,2.69,1.43,158.0,10.82,10.63,8.77,8.08,7.89,21.19,SABc,,,,970.0,0.003242,,,,,,,,"2MASX J11483820+4842388,IRAS 11460+4859,MCG +08-22-007,PGC 036875,UGC 06778",,,,False,187,NGC,3893,H187,galaxy
187,9733,NGC3898,G,3.094713837101747,0.9788567602663543,UMa,3.47,2.11,107.0,11.26,10.72,8.58,7.89,7.66,22.41,Sab,,,,1176.0,0.003929,,,,,,,,"2MASX J11491536+5605036,MCG +09-19-204,PGC 036921,SDSS J114915.24+560504.2,UGC 06787",,,,False,188,NGC,3898,H188,galaxy
188,9735,NGC3900,G,3.094284049773443,0.4716233552875888,Leo,2.55,1.25,2.0,12.29,11.44,9.62,8.98,8.7,22.91,S0-a,,,,1785.0,0.005971,,,,,,,,"2MASX J11490943+2701194,MCG +05-28-034,PGC 036914,SDSS J114909.46+270119.3,UGC 06786",,,,False,189,NGC,3900,H189,galaxy
189,9748,NGC3912,Dup,3.0982830354220754,0.46215009595870843,Leo,,,,,,,,,,,,,,,,,,,,3899,,,,,,,False,190,NGC,3912,H190,galaxy
190,9748,NGC3912,Dup,3.0982830354220754,0.46215009595870843,Leo,,,,,,,,,,,,,,,,,,,,3899,,,,,,,False,191,NGC,3912,H191,galaxy
191,9779,NGC3941,G,3.1107119613578402,0.645533294906796,UMa,3.51,2.33,10.0,11.28,10.37,8.24,7.56,7.32,22.73,S0,,,,920.0,0.003075,,,,,,,,"2MASX J11525536+3659109,MCG +06-26-051,PGC 037235,SDSS J115255.35+365910.7,UGC 06857",,,,False,192,NGC,3941,H192,galaxy
192,9783,NGC3945,G,3.1120478654561374,1.0589882199211815,UMa,5.55,3.29,15.0,11.7,10.75,8.52,7.61,7.53,24.12,S0-a,,,,1242.0,0.004153,,,,,,,,"2MASX J11531372+6040320,IRAS 11506+6056,MCG +10-17-096,PGC 037258,UGC 06860",,,,False,193,NGC,3945,H193,galaxy
193,9787,NGC3949,G,3.114083355696276,0.835291793761474,UMa,2.26,1.32,116.0,11.37,10.89,9.44,8.8,8.6,21.46,Sbc,,-0.994,-1.944,798.0,0.002665,,,,,,,,"2MASX J11534174+4751316,IRAS 11510+4808,MCG +08-22-029,PGC 037290,SDSS J115341.72+475131.3,UGC 06869",,,,False,194,NGC,3949,H194,galaxy
194,9791,NGC3953,G,3.114606954471874,0.9132745591816239,UMa,6.14,3.13,14.0,10.48,10.1,7.92,7.33,7.05,22.64,Sbc,,,,1050.0,0.003509,,,,,,,,"2MASX J11534902+5219355,IRAS 11511+5236,MCG +09-20-026,PGC 037306,SDSS J115349.00+521936.6,UGC 06870",,,,False,195,NGC,3953,H195,galaxy
195,9800,NGC3962,G,3.118328869101752,-0.24391024777988865,Crt,4.17,3.0,10.0,11.61,10.65,8.56,7.89,7.67,23.56,E,,,,1815.0,0.006074,,,,,,,,"2MASX J11544010-1358299,MCG -02-30-040,PGC 037366,UGCA 253",,,,False,196,NGC,3962,H196,galaxy
196,9820,NGC3982,G,3.1261850323972915,0.9621171134850042,UMa,2.13,1.87,25.0,11.81,11.7,9.77,9.08,8.85,22.05,SABb,,,,1110.0,0.00371,,,,,,,,"2MASX J11562816+5507313,IRAS 11538+5524,MCG +09-20-036,PGC 037520,SDSS J115628.12+550730.8,SDSS J115628.13+550730.8,SDSS J115628.13+550730.9,UGC 06918",,,,False,197,NGC,3982,H197,galaxy
197,9832,NGC3992,G,3.1311192236367837,0.9315612464193945,UMa,8.07,5.64,78.0,10.48,9.88,7.85,7.19,6.94,23.45,Sbc,,,,1046.0,0.003496,,,,109,,,,"2MASX J11573598+5322282,IRAS 11549+5339,MCG +09-20-044,PGC 037617,SDSS J115735.96+532228.9,UGC 06937",,,,False,198,NGC,3992,H198,galaxy
198,9838,NGC3998,G,3.1325845729879376,0.9678476111957188,UMa,2.78,2.26,139.0,11.41,11.33,8.33,7.58,7.37,22.37,S0,,,,1091.0,0.003646,,,,,,,,"2MASX J11575616+5527128,MCG +09-20-046,PGC 037642,UGC 06946",,,,False,199,NGC,3998,H199,galaxy
199,9869,NGC4026,G,3.13906119895388,0.8894493604508581,UMa,4.41,0.87,178.0,11.7,10.78,8.52,7.79,7.58,23.54,S0,,,,940.0,0.003142,,,,,,,,"2MASX J11592518+5057420,MCG +09-20-052,PGC 037760,UGC 06985",,,,False,200,NGC,4026,H200,galaxy
200,9870,NGC4027,G,3.1394233547736685,-0.3362415589061564,Crv,3.54,2.8,163.0,11.58,11.17,9.37,8.7,8.5,22.86,SBd,,,,1662.0,0.005559,,,,,,,,"2MASX J11593016-1915546,ESO 572-037,ESO-LV 572-0370,IRAS 11569-1859,MCG -03-31-008,PGC 037773,UGCA 260",,,,False,201,NGC,4027,H201,galaxy
201,9874,NGC4030,G,3.143311075682486,-0.019200076212980956,Vir,3.78,2.65,19.0,11.15,10.51,8.27,7.6,7.33,22.5,Sbc,,,,1467.0,0.004906,,,,,,,,"2MASX J12002364-0105598,IRAS 11578-0049,MCG +00-31-016,PGC 037845,SDSS J120023.33-010559.3,SDSS J120023.62-010600.2,SDSS J120023.62-010600.3,UGC 06993",,Extended HIPASS source,,False,202,NGC,4030,H202,galaxy
202,9880,NGC4036,G,3.147901291615231,1.0802851153049613,UMa,4.85,2.08,83.0,11.54,10.84,8.47,7.79,7.56,23.66,S0,,,,1429.0,0.004777,,,,,,,,"2MASX J12012689+6153445,IRAS 11588+6210,MCG +10-17-125,PGC 037930,SDSS J120126.74+615344.7,SDSS J120126.75+615344.8,UGC 07005",,,,False,203,NGC,4036,H203,galaxy
203,9882,NGC4038,G,3.149810972705122,-0.3293019358747546,Crv,5.42,3.78,80.0,10.85,10.2,,,,22.94,SBm,,,,1672.0,0.005593,,,,,,,,"2MASS J12015301-1852034,C 060,ESO 572-047,ESO-LV 572-0470,ESO-LV 572-0481,MCG -03-31-014,PGC 037967,UGCA 264",Antennae Galaxies,ESO-LV has two entries for this object.,,False,204,NGC,4038,H204,Antenna Galaxies I
204,9885,NGC4041,G,3.1512065088861956,1.0844991158211654,UMa,2.57,2.39,70.0,11.65,11.08,9.36,8.67,8.41,22.38,Sbc,,,,1206.0,0.00403,,,,,,,,"2MASX J12021217+6208142,IRAS 11596+6224,MCG +10-17-129,PGC 037999,SDSS J120212.20+620813.9,SDSS J120212.20+620814.0,UGC 07014",,,,False,205,NGC,4041,H205,galaxy
205,9896,NGC4051,G,3.15538148190107,0.7772183869697681,UMa,4.89,4.26,146.0,10.77,11.37,8.58,8.06,7.67,22.87,SABb,0.0369,0.287,-0.711,648.0,0.00216,,,,,,,,"2MASX J12030968+4431525,IRAS 12005+4448,MCG +08-22-059,PGC 038068,SDSS J120309.61+443152.6,UGC 07030",,,,False,206,NGC,4051,H206,galaxy
206,9933,NGC4085,G,3.165060787044422,0.8788246686293426,UMa,2.22,0.57,78.0,12.3,12.37,10.14,9.45,9.12,21.67,SABc,,,,749.0,0.002502,,,,,,,,"2MASX J12052270+5021098,IRAS 12028+5037,MCG +09-20-086,PGC 038283,SDSS J120522.71+502110.6,UGC 07075",,,,False,207,NGC,4085,H207,galaxy
207,9936,NGC4088,G,3.1658956362032926,0.8820724354790953,UMa,7.01,2.65,44.0,11.35,10.6,8.48,7.77,7.48,23.45,SABc,,,,753.0,0.002515,,,,,,,,"2MASX J12053418+5032205,IRAS 12030+5049,MCG +09-20-089,PGC 038302,SDSS J120534.21+503221.5,UGC 07081",,,,False,208,NGC,4088,H208,galaxy
208,9952,NGC4102,G,3.169444472349014,0.9199819564597744,UMa,2.94,1.67,37.0,12.08,11.87,8.76,8.11,7.72,22.76,SABb,,,,847.0,0.00283,,,,,,,,"2MASX J12062311+5242394,IRAS 12038+5259,MCG +09-20-094,PGC 038392,SDSS J120623.00+524239.7,SDSS J120623.74+524237.9,UGC 07096",,,,False,209,NGC,4102,H209,galaxy
209,9963,NGC4111,G,3.172363535522975,0.7516386475270669,CVn,1.78,0.64,152.0,11.67,10.81,8.48,7.77,7.55,21.57,S0-a,,,,789.0,0.002635,,,,,,,,"2MASX J12070312+4303554,MCG +07-25-026,PGC 038440,UGC 07103",,,,False,210,NGC,4111,H210,galaxy
210,9995,NGC4143,G,3.183484918960787,0.7423612529253547,CVn,2.73,1.68,144.0,11.83,12.08,8.8,8.1,7.85,22.72,S0,,,,920.0,0.003075,,,,,,,,"2MASX J12093608+4232031,MCG +07-25-036,PGC 038654,SDSS J120936.06+423203.0,UGC 07142",,,,False,211,NGC,4143,H211,galaxy
211,9999,NGC4147,GCl,3.1856745799515185,0.3236213739731941,Com,2.4,,,11.45,10.74,9.82,9.29,9.23,,,,-1.71,-2.1,180.0,0.000599,,,,,4153,,,"2MASX J12100614+1832317,MWSC 2004",,,,False,212,NGC,4147,H212,cluster
212,10002,NGC4150,G,3.187672981945052,0.5306067573587372,Com,1.99,1.33,148.0,12.49,11.69,9.92,9.25,8.99,22.7,S0,,,,234.0,0.000781,,,,,,,,"2MASX J12103365+3024053,IRAS 12080+3040,MCG +05-29-029,PGC 038742,UGC 07165",,,,False,213,NGC,4150,H213,galaxy
213,10003,NGC4151,G,3.1875951693492337,0.6877595969040744,CVn,2.88,2.21,50.0,11.36,11.48,8.5,7.79,7.38,22.23,Sab,,-1.172,0.252,976.0,0.003262,,,,,,,,"2MASX J12103265+3924207,MCG +07-25-044,PGC 038739,SDSS J121032.57+392421.1,TYC 3017-939-1,UGC 07166",,,,False,214,NGC,4151,H214,galaxy
214,10031,NGC4179,G,3.197742077288016,0.022683947325434075,Vir,4.48,1.22,146.0,11.86,10.93,8.83,8.19,7.92,23.76,S0,,,,1230.0,0.00411,,,,,,,,"2MASX J12125210+0117588,MCG +00-31-038,PGC 038950,SDSS J121252.11+011758.8,UGC 07214",,,,False,215,NGC,4179,H215,galaxy
215,10057,NGC4203,G,3.207410474123543,0.5794027695487309,Com,3.42,1.43,10.0,11.72,11.55,8.31,7.64,7.41,23.08,E-S0,,,,1107.0,0.0037,,,,,,,,"2MASX J12150502+3311500,IRAS 12125+3328,MCG +06-27-040,PGC 039158,TYC 2527-2134-1,UGC 07256",,,,False,216,NGC,4203,H216,galaxy
216,10069,NGC4214,G,3.2098910233229394,0.6340238181172557,CVn,6.79,5.28,128.0,10.21,9.77,8.71,8.06,7.91,22.88,I,,,,293.0,0.000977,,,,,4228,,,"2MASX J12153917+3619368,IRAS 12131+3636,MCG +06-27-042,PGC 039225,UGC 07278",,IRAS F12131+3636 (in FSC version 1) was removed from version 2.,,False,216,NGC,4214,H217,galaxy
217,10071,NGC4216,G,3.211001489059521,0.2295001307362699,Vir,7.82,1.84,20.0,10.87,9.93,7.53,6.78,6.52,23.12,SABb,,,,-75.0,-0.00025,,,,,,,,"2MASX J12155444+1308578,IRAS 12133+1325,MCG +02-31-072,PGC 039246,UGC 07284",,,,False,218,NGC,4216,H218,galaxy
218,10101,NGC4245,G,3.218443136657712,0.5167570849304811,Com,2.55,1.62,145.0,12.33,11.42,9.25,8.58,8.31,22.98,S0-a,,,,814.0,0.002719,,,,,,,,"2MASX J12173678+2936288,IRAS 12151+2952,MCG +05-29-049,PGC 039437,SDSS J121736.78+293628.8,SDSS J121736.78+293628.9,UGC 07328",,,,False,219,NGC,4245,H219,galaxy
219,10107,NGC4251,G,3.2207324268599113,0.4917533041409379,Com,2.34,1.23,100.0,11.63,10.77,8.67,8.0,7.73,22.19,S0,,,,1066.0,0.003562,,,,,,,,"2MASX J12180830+2810310,MCG +05-29-050,PGC 039492,UGC 07338",,,,False,220,NGC,4251,H220,galaxy
220,10114,NGC4258,G,3.224313987929108,0.8256100645497165,CVn,16.98,7.24,150.0,9.12,9.29,6.38,5.72,5.46,23.36,Sbc,,,,462.0,0.001541,,,,106,,,,"2MASX J12185761+4718133,MCG +08-22-104,PGC 039600,SDSS J121857.50+471814.2,UGC 07353",,,,False,221,NGC,4258,H221,galaxy
221,10117,NGC4261,G,3.2261843991108283,0.10166930743811857,Vir,4.25,3.35,160.0,11.18,11.11,8.2,7.51,7.26,23.18,E,,-0.009,0.031,2183.0,0.00731,,,,,,,,"2MASX J12192326+0549289,MCG +01-31-052,PGC 039659,SDSS J121922.98+054930.4,SDSS J121922.98+054930.5,SDSS J121923.21+054929.6,SDSS J121923.21+054929.7,UGC 07360",,Additional radio sources may contribute to the WMAP flux.,,False,222,NGC,4261,H222,galaxy
222,10129,NGC4273,G,3.228574045745017,0.09325875969823033,Vir,2.19,1.95,11.0,12.31,11.8,10.03,9.44,9.11,22.66,Sc,,,,2335.0,0.00782,,,,,,,,"2MASX J12195606+0520361,IRAS 12173+0537,MCG +01-32-008,PGC 039738,SDSS J121956.07+052035.9,UGC 07380",,,,False,223,NGC,4273,H223,galaxy
223,10130,NGC4274,G,3.2281748016786236,0.5168700465181796,Com,3.63,1.7,102.0,11.32,10.42,8.02,7.32,7.03,22.44,SBab,,,,933.0,0.00312,,,,,,,,"2MASX J12195066+2936529,IRAS 12173+2953,MCG +05-29-060,PGC 039724,SDSS J121950.59+293652.9,UGC 07377",,,,False,224,NGC,4274,H224,galaxy
224,10134,NGC4278,G,3.2293550805852846,0.5110454949533296,Com,2.89,2.83,35.0,11.04,10.21,8.09,7.42,7.18,22.22,E,,,,675.0,0.00225,,,,,,,,"2MASX J12200679+2916502,2MASX J12200682+2916498,IRAS 12175+2933,MCG +05-29-062,PGC 039764,SDSS J122006.82+291650.6,SDSS J122006.84+291650.6,UGC 07386",,,,False,225,NGC,4278,H225,galaxy
225,10137,NGC4281,G,3.230424094752131,0.0940102209039501,Vir,2.85,1.43,86.0,12.11,11.31,8.9,8.21,7.94,23.07,S0-a,,,,2671.0,0.00895,,,,,,,,"2MASX J12202152+0523111,IRAS 12177+0539,MCG +01-32-012,PGC 039801,SDSS J122021.52+052311.0,UGC 07389",,,,False,226,NGC,4281,H226,galaxy
226,10150,NGC4293,G,3.2341598265719207,0.32083321049313324,Com,6.24,3.72,72.0,11.07,10.17,8.37,7.72,7.48,23.61,S0-a,,,,931.0,0.00311,,,,,,,,"2MASX J12211289+1822566,IRAS 12186+1839,MCG +03-32-006,PGC 039907,SDSS J122112.82+182257.7,UGC 07405",,,,False,227,NGC,4293,H227,galaxy
227,10160,NGC4303,G,3.237214879983432,0.07807972815637187,Vir,6.89,6.56,20.0,10.16,10.25,7.73,7.09,6.84,23.05,Sbc,0.7805,0.509,0.654,1564.0,0.00523,,,,061,,,,"2MASX J12215494+0428249,IRAS 12194+0444,MCG +01-32-022,PGC 040001,SDSS J122154.92+042825.6,UGC 07420",,,,False,228,NGC,4303,H228,galaxy
228,10173,NGC4314,G,3.239899778149417,0.5217816939215003,Com,3.7,3.56,150.0,11.42,10.57,8.52,7.83,7.56,22.98,Sa,,,,985.0,0.003292,,,,,,,,"2MASX J12223197+2953430,IRAS 12200+3010,MCG +05-29-075,PGC 040097,SDSS J122232.01+295343.7,UGC 07443",,,,False,229,NGC,4314,H229,galaxy
229,10205,NGC4346,G,3.2439809397169976,0.8201971198001285,CVn,3.13,1.13,99.0,12.14,,9.07,8.42,8.18,23.29,S0,,,,776.0,0.002592,,,,,,,,"2MASX J12232794+4659379,MCG +08-23-016,PGC 040228,SDSS J122327.95+465937.6,UGC 07463",,,,False,230,NGC,4346,H230,galaxy
230,10209,NGC4350,G,3.2461575107383385,0.2913550842406301,Com,2.8,1.33,28.0,11.81,10.87,8.76,8.01,7.82,22.75,S0,,,,1233.0,0.00412,,,,,,,,"2MASX J12235781+1641360,MCG +03-32-023,PGC 040295,UGC 07473",,,,False,231,NGC,4350,H231,galaxy
231,10221,NGC4361,PN,3.248549339034092,-0.3278571911050482,Crv,1.05,,,10.3,10.9,13.94,14.0,14.02,,,0.9735,-4.43,-10.317,10.0,3.3e-05,11.53,12.85,13.21,,,,"HD 107969,BD -17 3614","2MASX J12243097-1847190,ESO 573-019,IRAS 12219-1830,PN G294.1+43.6",,Incorrectly called a galaxy in RC1.,,False,232,NGC,4361,H232,nebula
232,10225,NGC4365,G,3.2483689883447195,0.12771737689677173,Vir,5.12,3.66,40.0,10.5,9.43,7.54,6.87,6.64,22.9,E,,,,-66.0,-0.00022,,,,,,,,"2MASX J12242822+0719030,MCG +01-32-048,PGC 040375,UGC 07488",,,,False,233,NGC,4365,H233,galaxy
233,10231,NGC4371,G,3.250343392061038,0.20427721416286518,Vir,3.88,1.81,96.0,11.68,10.83,8.6,7.96,7.72,23.3,S0-a,,,,940.0,0.003142,,,,,,,,"2MASX J12245542+1142154,MCG +02-32-033,PGC 040442,SDSS J122455.43+114215.1,UGC 07493",,,,False,234,NGC,4371,H234,galaxy
234,10256,NGC4394,G,3.254713987396241,0.3178952395856094,Com,3.48,3.35,145.0,11.63,11.03,9.1,8.4,8.16,23.05,SBb,,,,1000.0,0.00334,,,,,,,,"2MASX J12255562+1812501,IRAS 12234+1829,MCG +03-32-035,PGC 040614,UGC 07523",,,,False,235,NGC,4394,H235,galaxy
235,10280,NGC4414,G,3.257009822583135,0.5449533638101306,Com,1.95,1.12,162.0,10.99,10.2,7.93,7.23,6.95,20.72,Sc,,,,717.0,0.002395,,,,,,,,"2MASX J12262708+3113247,IRAS 12239+3129,MCG +05-29-085,PGC 040692,SDSS J122627.12+311324.5,UGC 07539",,,,False,236,NGC,4414,H236,galaxy
236,10285,NGC4419,G,3.2591434875936978,0.2626264799391223,Com,3.89,1.3,133.0,11.98,11.06,8.78,8.04,7.74,23.17,Sa,,,,-60.0,-0.0002,,,,,,,,"2MASX J12265643+1502507,IRAS 12244+1519,MCG +03-32-038,PGC 040772,SDSS J122656.42+150250.4,UGC 07551",,,,False,237,NGC,4419,H237,galaxy
237,10295,NGC4429,G,3.2613302397023425,0.19386632517471902,Vir,5.3,2.42,98.0,10.88,10.08,7.73,7.01,6.78,23.17,S0-a,,,,1125.0,0.003759,,,,,,,,"2MASX J12272655+1106271,IRAS 12249+1123,MCG +02-32-061,PGC 040850,SDSS J122726.50+110627.7,UGC 07568",,,,False,238,NGC,4429,H238,galaxy
238,10301,NGC4435,G,3.262346893991629,0.22827064324097612,Vir,3.03,2.14,12.0,11.53,10.96,8.42,7.16,7.3,22.66,S0,,,,839.0,0.0028,,,,,,,,"2MASX J12274050+1304444,IRAS 12251+1321,MCG +02-32-064,PGC 040898,SDSS J122740.46+130444.4,UGC 07575",Eyes,,In pair with NGC 4438 it’s known as The Eyes,False,239,NGC,4435,H239,galaxy
239,10304,NGC4438,G,3.262717776457678,0.22704697350985567,Vir,9.16,4.02,27.0,10.97,10.92,8.25,7.56,7.27,24.21,Sa,,,,98.0,0.00033,,,,,,,,"2MASX J12274565+1300309,IRAS 12252+1317,MCG +02-32-065,PGC 040914,SDSS J122745.63+130031.7,UGC 07574",Eyes,,In pair with NGC 4435 it’s known as The Eyes,False,240,NGC,4438,H240,The Eyes
240,10308,NGC4442,G,3.264047862791802,0.171107231728713,Vir,4.32,1.61,87.0,11.32,10.6,8.22,7.5,7.29,23.18,S0,,,,351.0,0.00117,,,,,,,,"2MASX J12280389+0948130,MCG +02-32-068,PGC 040950,SDSS J122803.88+094813.3,UGC 07583",,,,False,241,NGC,4442,H241,galaxy
241,10314,NGC4448,G,3.264887802494324,0.49951856487126933,Com,1.58,1.04,92.0,12.04,11.11,8.73,8.06,7.81,21.52,SBab,,,,661.0,0.002208,,,,,,,,"2MASX J12281542+2837130,IRAS 12257+2853,MCG +05-29-089,PGC 040988,UGC 07591",,,,False,242,NGC,4448,H242,galaxy
242,10315,NGC4449,G,3.2645729160084436,0.7695791777965253,CVn,4.66,2.71,51.0,9.5,9.64,8.1,7.45,7.25,21.1,IB,,,,204.0,0.00068,,,,,,,,"2MASX J12281111+4405368,C 021,MCG +07-26-009,PGC 040973,SDSS J122811.10+440537.0,UGC 07592",,One of two 6cm sources associated with [WB92] 1225+4417,,False,243,NGC,4449,H243,galaxy
243,10316,NGC4450,G,3.2659204556350874,0.29818853307586896,Com,5.46,3.78,173.0,10.81,10.87,7.94,7.22,7.05,22.99,Sab,,,,1926.0,0.006444,,,,,,,,"2MASX J12282963+1705058,IRAS 12259+1721,MCG +03-32-048,PGC 041024,UGC 07594",,,,False,244,NGC,4450,H244,galaxy
244,10327,NGC4459,G,3.2681297515799037,0.2439684254216218,Com,4.17,3.16,109.0,11.3,10.25,8.1,7.4,7.15,23.13,S0,,,,1196.0,0.003996,,,,,,,,"2MASX J12290002+1358428,IRAS 12264+1415,MCG +02-32-083,PGC 041104,SDSS J122900.03+135842.8,UGC 07614",,,,False,245,NGC,4459,H245,galaxy
245,10341,NGC4473,G,3.2716829510487555,0.2343865678281729,Com,4.27,2.51,100.0,11.05,10.09,8.04,7.4,7.16,23.03,E,,,,2329.0,0.0078,,,,,,,,"2MASX J12294887+1325455,MCG +02-32-093,PGC 041228,SDSS J122948.86+132545.9,UGC 07631",,,,False,246,NGC,4473,H246,galaxy
246,10345,NGC4477,G,3.2726523360041337,0.23800376270293117,Com,3.7,3.22,26.0,11.27,10.31,8.28,7.6,7.35,22.86,S0,,,,1343.0,0.00449,,,,,,,,"2MASX J12300217+1338111,IRAS 12275+1354,MCG +02-32-097,PGC 041260,SDSS J123002.19+133811.5,UGC 07638",,,,False,247,NGC,4477,H247,galaxy
247,10346,NGC4478,G,3.2737591656381073,0.21517388645948313,Vir,1.75,1.43,144.0,12.22,11.44,9.25,8.56,8.36,22.3,E,,,,1403.0,0.00469,,,,,,,,"2MASX J12301743+1219428,MCG +02-32-099,PGC 041297,SDSS J123017.41+121942.7,UGC 07645",,Multiple SDSS entries describe this object.,,False,248,NGC,4478,H248,galaxy
248,10353,NGC4485,G,3.2747561849733087,0.7278226602562421,CVn,2.01,1.34,2.0,12.33,12.18,11.01,10.44,10.58,22.22,I,,,,481.0,0.0016,,,,,,,,"2MASX J12303111+4142042,MCG +07-26-013,PGC 041326,SDSS J123030.96+414201.4,UGC 07648",,,,False,249,NGC,4485,H249,galaxy
249,10360,NGC4490,G,3.2751277946598796,0.7268229744457941,CVn,6.71,1.65,133.0,9.76,9.72,8.21,7.64,7.35,21.43,SBcd,,,,588.0,0.00196,,,,,,,,"2MASX J12303636+4138370,IRAS 12281+4155,MCG +07-26-014,PGC 041333,UGC 07651",,,,False,250,NGC,4490,H250,galaxy
250,10364,NGC4494,G,3.2786082720765646,0.4498629780246684,Com,4.35,4.13,173.0,10.68,9.8,7.9,7.25,7.0,22.75,E,,,,1318.0,0.004406,,,,,,,,"2MASX J12312403+2546299,MCG +04-30-002,PGC 041441,UGC 07662",,The position given in 1996ApJS..106....1W is 11 arcsec west of the nucleus.,,False,251,NGC,4494,H251,galaxy
251,10400,NGC4526,G,3.290170351150506,0.1343821105709845,Vir,6.95,2.47,138.0,10.55,9.59,7.45,6.7,6.47,23.43,S0,,,,814.0,0.00272,,,,,4560,,,"2MASX J12340302+0741569,IRAS 12315+0758,MCG +01-32-100,PGC 041772,SDSS J123402.98+074157.4,UGC 07718",,,,False,252,NGC,4526,H252,galaxy
252,10401,NGC4527,G,3.290557959688553,0.04631522058375619,Vir,6.3,1.72,69.0,11.33,10.5,8.02,7.26,6.93,23.1,SABb,,,,1579.0,0.00528,,,,,,,,"2MASX J12340849+0239137,IRAS 12315+0255,MCG +01-32-101,PGC 041789,SDSS J123408.44+023913.7,UGC 07721",,,,False,253,NGC,4527,H253,galaxy
253,10409,NGC4535,G,3.291422624888811,0.14307772875536517,Vir,8.15,7.48,27.0,10.56,9.89,8.23,7.65,7.38,23.79,Sc,,,,1951.0,0.00653,,,,,,,,"2MASX J12342031+0811519,IRAS 12318+0828,MCG +01-32-104,PGC 041812,UGC 07727",,,,False,254,NGC,4535,H254,galaxy
254,10410,NGC4536,G,3.2919127715204133,0.03819022810204147,Vir,7.08,2.55,121.0,11.07,10.48,8.5,7.88,7.52,23.26,SABb,,,,1802.0,0.00603,,,,,,,,"2MASS J12342707+0211174,2MASX J12342712+0211163,IRAS 12318+0227,MCG +00-32-023,PGC 041823,SDSS J123427.04+021117.2,UGC 07732",,Contains the possible HII region UM 506.,,False,255,NGC,4536,H255,galaxy
255,10420,NGC4546,G,3.2964549908987286,-0.06620373222391268,Vir,3.16,1.76,90.0,11.34,10.57,8.31,7.64,7.39,22.56,E-S0,,,,1045.0,0.003492,,,,,,,,"2MASX J12352950-0347356,MCG -01-32-027,PGC 041939,UGCA 288",,The APM position refers to the northeast side of the galaxy.,,False,256,NGC,4546,H256,galaxy
256,10422,NGC4548,G,3.296232461419099,0.2530087461332713,Com,5.55,4.52,150.0,10.94,10.96,8.01,7.37,7.12,23.24,Sb,,,,492.0,0.001644,,,,091,,,,"2MASX J12352642+1429467,IRAS 12328+1446,MCG +03-32-075,PGC 041934,SDSS J123526.45+142946.8,UGC 07753",,,,False,257,NGC,4548,H257,galaxy
257,10424,NGC4550,G,3.2965328034945465,0.21329377900414034,Vir,3.16,0.71,179.0,12.45,12.03,9.55,8.87,8.69,23.57,S0,,,,401.0,0.001338,,,,,,,,"2MASX J12353061+1213154,MCG +02-32-147,PGC 041943,SDSS J123530.58+121314.9,UGC 07757",,,,False,258,NGC,4550,H258,galaxy
258,10433,NGC4559,G,3.2985013894466917,0.48799405885761454,Com,10.57,4.82,148.0,10.28,9.92,8.41,7.83,7.58,23.48,Sc,,0.507,0.222,814.0,0.002719,,,,,,,,"2MASX J12355768+2757351,C 036,IRAS 12334+2814,MCG +05-30-030,PGC 042002,SDSS J123557.64+275735.9,UGC 07766",,,,False,259,NGC,4559,H259,galaxy
259,10442,NGC4565,G,3.300183450513301,0.4535703482441131,Com,16.75,2.89,135.0,10.05,10.86,7.16,6.31,6.06,23.75,Sb,,,,1258.0,0.00421,,,,,,,,"2MASX J12362080+2559146,C 038,IRAS 12338+2615,MCG +04-30-006,PGC 042038,UGC 07772",Needle Galaxy,HOLM 426D is a star.,,False,260,NGC,4565,H260,Needle Galaxy
260,10450,NGC4570,G,3.30255564385497,0.12647770831417463,Vir,3.88,0.94,160.0,11.71,11.11,8.61,7.93,7.69,23.3,S0,,,,1738.0,0.005814,,,,,,,,"2MASX J12365340+0714479,MCG +01-32-114,PGC 042096,UGC 07785",,,,False,261,NGC,4570,H261,galaxy
261,10474,NGC4594,G,3.3160841272194914,-0.20286058858666314,Vir,8.45,4.91,90.0,9.15,8.59,5.89,5.21,4.96,22.26,Sa,,,,1090.0,0.003642,,,,104,,,,"2MASX J12395949-1137230,IRAS 12373-1120,MCG -02-32-020,PGC 042407,UGCA 293",Sombrero Galaxy,,,False,262,NGC,4594,H262,Sombrero Galaxy
262,10476,NGC4596,G,3.315831054477952,0.17760712875134851,Vir,3.93,3.3,120.0,11.3,10.46,8.36,7.72,7.46,22.99,S0-a,,,,1972.0,0.0066,,,,,,,,"2MASX J12395593+1010337,MCG +02-32-170,PGC 042401,SDSS J123955.94+101034.0,UGC 07828",,,,False,263,NGC,4596,H263,galaxy
263,10502,NGC4618,G,3.322877821332879,0.7182165619787376,CVn,3.56,2.29,32.0,11.31,10.78,9.51,8.79,8.66,22.41,SBm,,,,518.0,0.00173,,,,,,3667,,"2MASX J12413284+4109027,IRAS 12391+4125,MCG +07-26-037,PGC 042575,UGC 07853",,,,False,264,NGC,4618,H264,galaxy
264,10517,NGC4631,G,3.325434728687051,0.5679563185377348,CVn,14.45,2.2,86.0,9.47,9.24,7.53,6.83,6.47,22.44,SBcd,,,,605.0,0.002021,,,,,,,,"2MASX J12420800+3232294,C 032,IRAS 12396+3249,MCG +06-28-020,PGC 042637,UGC 07865",Whale Galaxy,,,False,265,NGC,4631,H265,Whale Galaxy
265,10522,NGC4636,G,3.3284759649086513,0.0469105717841587,Vir,6.35,4.7,150.0,10.04,9.99,7.31,6.6,6.42,22.91,E,,,,919.0,0.00307,,,,,,,,"2MASX J12424986+0241160,MCG +01-32-137,PGC 042734,SDSS J124249.82+024115.9,UGC 07878",,,,False,266,NGC,4636,H266,galaxy
266,10529,NGC4643,G,3.3306801703098152,0.03452746074125893,Vir,2.24,1.75,132.0,11.22,10.65,8.32,7.67,7.41,21.68,S0-a,,,,1316.0,0.0044,,,,,,,,"2MASX J12432013+0158422,IRAS 12407+0215,MCG +00-33-005,PGC 042797,SDSS J124319.16+015838.2,SDSS J124320.13+015841.7,UGC 07895",,,,False,267,NGC,4643,H267,galaxy
267,10543,NGC4654,G,3.33333016189076,0.22910355314512232,Vir,4.72,2.49,123.0,11.09,10.49,8.65,7.98,7.74,22.65,Sc,,,,1041.0,0.00348,,,,,,,,"2MASX J12435663+1307348,IRAS 12414+1324,MCG +02-33-004,PGC 042857,SDSS J124356.57+130736.0,SDSS J124356.58+130736.0,UGC 07902",,,,False,268,NGC,4654,H268,galaxy
268,10545,NGC4656,GPair,3.333413792250752,0.5614399378499414,CVn,8.0,,,,,,,,,,,,,,,,,,,,,,"MCG +05-30-066,UGC 07907",,,,False,269,NGC,4656,H269,Hockey Stick Galaxy
269,10551,NGC4660,G,3.3359045225374517,0.19531155475810655,Vir,2.09,1.57,100.0,12.05,11.27,9.11,8.44,8.21,22.5,E,,,,1084.0,0.003623,,,,,,,,"2MASX J12443197+1111259,MCG +02-33-006,PGC 042917,UGC 07914",,,,False,270,NGC,4660,H270,galaxy
270,10556,NGC4665,Dup,3.338377799531632,0.053333383431497836,Vir,,,,,,,,,,,,,,,,,,,,4664,,,,,,,False,271,NGC,4665,H271,galaxy
271,10557,NGC4666,G,3.3385668768672647,-0.008061481889489365,Vir,4.97,1.97,40.0,11.46,10.75,8.2,7.4,7.06,22.92,SABc,,,,1540.0,0.005152,,,,,,,,"2MASX J12450867-0027428,IRAS 12425-0011,MCG +00-33-008,PGC 042975,SDSS J124508.16-002742.8,SDSS J124508.59-002742.7,UGC 07926",,,,False,272,NGC,4666,H272,galaxy
272,10560,NGC4669,G,3.3369779000274282,0.957761062560235,UMa,1.53,0.38,2.0,14.12,13.18,10.99,10.3,10.11,22.86,Sb,,,,4795.0,0.0161,,,,,,,,"2MASX J12444673+5452328,MCG +09-21-038,PGC 042942,SDSS J124446.53+545233.2,SDSS J124446.54+545233.2,SDSS J124446.54+545233.3,UGC 07925",,Multiple SDSS entries describe this object.,,False,276,NGC,4669,H276,galaxy
273,10582,NGC4689,G,3.349982057395829,0.2402062712562118,Com,3.82,2.86,163.0,11.55,10.93,8.76,8.06,7.96,22.96,Sc,,,,1620.0,0.00542,,,,,,,,"2MASX J12474552+1345456,IRAS 12452+1402,MCG +02-33-022,PGC 043186,SDSS J124745.56+134546.1,UGC 07965",,,,False,273,NGC,4689,H273,galaxy
274,10595,NGC4697,G,3.353641431060844,-0.10124218658506107,Vir,7.14,4.16,83.0,10.25,9.37,7.24,6.59,6.37,23.36,E,,,,1210.0,0.004044,,,,,,,,"2MASX J12483590-0548030,C 052,MCG -01-33-010,PGC 043276,UGCA 300",,,,False,274,NGC,4697,H274,galaxy
275,10596,NGC4698,G,3.3526982260442457,0.14813288100829428,Vir,3.81,1.55,170.0,11.48,10.65,8.4,7.78,7.56,22.64,Sab,,,,1030.0,0.00344,,,,,,,,"2MASX J12482293+0829140,IRAS 12458+0845,MCG +02-33-024,PGC 043254,UGC 07970",,,,False,275,NGC,4698,H275,galaxy
276,10623,NGC4725,G,3.361691762235668,0.4450730188553062,Com,9.71,7.1,36.0,9.92,9.38,7.16,6.31,6.17,23.39,SABa,,,,1207.0,0.004033,,,,,,,,"2MASX J12502661+2530027,MCG +04-30-022,PGC 043451,SDSS J125026.57+253002.7,UGC 07989",,,,False,277,NGC,4725,H277,galaxy
277,10651,NGC4753,G,3.370093340922456,-0.02093861807343975,Vir,6.49,3.06,86.0,10.57,9.66,7.65,6.97,6.72,23.31,S0-a,,,,1260.0,0.004213,,,,,,,,"2MASX J12522211-0111588,IRAS 12498-0055,MCG +00-33-016,PGC 043671,SDSS J125222.06-011158.4,UGC 08009",,,,False,278,NGC,4753,H278,galaxy
278,10652,NGC4754,G,3.3697580922619683,0.19746461231591403,Vir,4.16,1.95,22.0,11.4,10.48,8.31,7.64,7.41,23.19,S0,,,,1271.0,0.00425,,,,,,,,"2MASX J12521756+1118491,MCG +02-33-030,PGC 043656,SDSS J125217.49+111849.9,UGC 08010",,,,False,279,NGC,4754,H279,galaxy
279,10662,NGC4762,G,3.3725615273729845,0.19601453459571538,Vir,8.26,3.52,32.0,11.03,10.17,8.2,7.46,7.3,24.3,S0,,,,859.0,0.00287,,,,,,,,"2MASX J12525604+1113508,MCG +02-33-033,PGC 043733,UGC 08016",,,,False,280,NGC,4762,H280,galaxy
280,10686,NGC4781,G,3.3789392513479806,-0.1839087369784103,Vir,3.66,1.48,120.0,11.46,11.39,9.47,8.89,8.61,22.16,Scd,,,,1266.0,0.004232,,,,,,,,"2MASX J12542374-1032139,IRAS 12517-1015,MCG -02-33-049,PGC 043902",,,,False,281,NGC,4781,H281,galaxy
281,10706,NGC4800,G,3.3799609961809187,0.8121220631275681,CVn,1.65,1.16,21.0,12.32,,9.28,8.57,8.3,21.9,Sb,,,,813.0,0.002715,,,,,,,,"2MASX J12543777+4631521,IRAS 12523+4648,MCG +08-24-004,PGC 043931,SDSS J125437.79+463152.1,UGC 08035",,,,False,282,NGC,4800,H282,galaxy
282,10758,NGC4845,G,3.394751934371049,0.027503480129343977,Vir,5.5,1.2,82.0,11.9,10.97,8.81,8.08,7.79,23.46,SABa,,,,1107.0,0.0037,,,,,4910,,,"2MASX J12580124+0134320,IRAS 12554+0150,MCG +00-33-025,PGC 044392,SDSS J125801.18+013433.0,SDSS J125801.19+013433.0,UGC 08078",,Identification as NGC 4910 is uncertain.,,False,283,NGC,4845,H283,galaxy
283,10769,NGC4856,G,3.4005755163085367,-0.2625353349670737,Vir,4.25,1.57,38.0,11.44,10.62,8.38,7.74,7.47,23.23,S0-a,,,,1332.0,0.004453,,,,,,,,"2MASX J12592127-1502318,MCG -02-33-078,PGC 044582,UGCA 313",,,,False,284,NGC,4856,H284,galaxy
284,10779,NGC4866,G,3.4010023947547534,0.24733157792747865,Vir,5.77,0.98,88.0,12.0,11.08,8.86,8.19,7.92,24.19,S0-a,,,,1977.0,0.006615,,,,,,,,"2MASX J12592713+1410157,MCG +02-33-045,PGC 044600,UGC 08102",,,,False,285,NGC,4866,H285,galaxy
285,10817,NGC4900,G,3.406236200849172,0.04365844161127594,Vir,2.13,2.02,150.0,11.89,11.36,9.51,8.97,8.64,22.23,Sc,,0.479,-1.046,964.0,0.00322,,,,,,,,"2MASX J13003914+0230052,IRAS 12580+0246,MCG +01-33-035,PGC 044797,SDSS J130036.55+023002.2,SDSS J130039.10+023005.1,SDSS J130039.24+023002.6,SDSS J130039.24+023002.8,SDSS J130039.25+023002.6,UGC 08116",,Multiple SDSS entries describe this object.,,False,286,NGC,4900,H286,galaxy
286,10884,NGC4958,G,3.4287633109487667,-0.13998025414675633,Vir,4.79,1.2,7.0,11.49,10.59,8.49,7.83,7.61,23.53,S0,,,,1404.0,0.00469,,,,,,,,"2MASX J13054887-0801129,MCG -01-33-084,PGC 045313,UGCA 323",,,,False,287,NGC,4958,H287,galaxy
287,10923,NGC4995,G,3.4456181009793805,-0.13671891251393248,Vir,2.43,1.49,99.0,11.92,11.11,9.11,8.39,8.23,22.23,SABb,,,,1775.0,0.005937,,,,,,,,"2MASX J13094065-0750002,IRAS 13070-0734,MCG -01-34-007,PGC 045643,UGCA 329",,,,False,288,NGC,4995,H288,galaxy
288,10935,NGC5005,G,3.4511144336821196,0.6468049611923463,CVn,4.82,1.52,70.0,10.54,10.71,7.46,6.73,6.44,21.82,SABb,,,,961.0,0.003212,,,,,,,,"2MASX J13105631+3703321,C 029,IRAS 13086+3719,MCG +06-29-052,PGC 045749,UGC 08256",,,,False,289,NGC,5005,H289,galaxy
289,10964,NGC5033,G,3.4621129168517704,0.6386848168474427,CVn,9.84,4.58,172.0,10.7,10.68,7.92,7.24,6.96,23.78,Sc,,,,850.0,0.00284,,,,,,,,"2MASX J13132753+3635371,IRAS 13111+3651,MCG +06-29-062,PGC 045948,SDSS J131327.49+363538.0,UGC 08307",,,,False,290,NGC,5033,H290,galaxy
290,10985,NGC5054,G,3.47745872429993,-0.29033309700085114,Vir,5.04,2.9,171.0,11.64,10.79,8.52,7.82,7.59,23.45,Sbc,,,,1750.0,0.005855,,,,,,,,"2MASX J13165848-1638054,IRAS 13142-1622,MCG -03-34-039,PGC 046247,UGCA 344",,,,False,291,NGC,5054,H291,galaxy
291,11139,NGC5195,G,3.534261919247129,0.8249497483160454,CVn,5.5,4.36,79.0,10.5,9.58,7.21,6.46,6.25,22.84,SBa,,,,571.0,0.00191,,,,,,,,"2MASX J13295958+4715580,IRAS 13278+4731,MCG +08-25-014,PGC 047413,UGC 08494",,,,False,292,NGC,5195,H292,Whirlpool Galaxy companion
292,11196,NGC5248,G,3.5671635573087874,0.15507541292178284,Boo,4.07,2.38,120.0,10.88,9.97,8.18,7.46,7.25,22.25,SABb,,,,1150.0,0.003843,,,,,,,,"2MASX J13373206+0853062,C 045,IRAS 13350+0908,MCG +02-35-015,PGC 048130,SDSS J133732.02+085306.6,UGC 08616",,,,False,293,NGC,5248,H293,galaxy
293,11226,NGC5273,G,3.5872581147634155,0.6222835700155072,CVn,2.31,1.52,6.0,12.53,12.16,9.5,8.84,8.67,23.07,S0,,,,1024.0,0.00342,,,,,,0895,,"2MASS J13420837+3539154,2MASX J13420838+3539152,MCG +06-30-072,PGC 048521,SDSS J134208.38+353915.4,SDSS J134208.39+353915.5,UGC 08675",,,,False,294,NGC,5273,H294,galaxy
294,11275,NGC5322,G,3.6183053404948295,1.050522888235328,UMa,5.62,3.49,95.0,11.05,10.14,11.08,10.41,9.92,23.64,E,,,,1817.0,0.006081,,,,,,,,"2MASX J13491520+6011254,MCG +10-20-035,PGC 049044,UGC 08745",,,,False,295,NGC,5322,H295,galaxy
295,11318,NGC5363,G,3.648262462664269,0.09171317368285314,Vir,4.17,2.75,133.0,11.1,10.21,7.83,7.16,6.93,22.82,S0-a,,,,1129.0,0.003773,,,,,,,,"2MASX J13560724+0515169,IRAS 13536+0529,MCG +01-36-002,PGC 049547,UGC 08847",,,,False,296,NGC,5363,H296,galaxy
296,11319,NGC5364,G,3.6486108012941463,0.08751905052757455,Vir,3.8,1.66,45.0,11.19,10.52,8.67,8.08,7.8,22.19,Sbc,,,,1239.0,0.004143,,,,,5317,,,"2MASX J13561200+0500520,IRAS 13536+0515,MCG +01-36-003,PGC 049555,UGC 08853",,NGC 5348 may also contribute to the HIPASS detection.,,False,297,NGC,5364,H297,galaxy
297,11425,NGC5466,GCl,3.6889977201852946,0.498020975410322,Boo,6.6,,,10.5,9.7,,,,,,0.0231,-5.41,-0.79,107.0,0.000357,,,,,,,,MWSC 2198,,,,False,298,NGC,5466,H298,cluster
298,11432,NGC5473,G,3.68578849602319,0.9580572837193929,UMa,1.99,1.54,156.0,12.37,11.47,9.3,8.64,8.36,22.6,E-S0,,,,1960.0,0.006558,,,,,,,,"2MASX J14044324+5453334,MCG +09-23-031,PGC 050191,SDSS J140443.22+545333.4,UGC 09011",,,,False,299,NGC,5473,H299,galaxy
299,11433,NGC5474,G,3.6871251273420094,0.936582461714646,UMa,2.39,1.57,100.0,11.48,11.01,10.23,9.56,9.48,21.75,Sc,,,,294.0,0.00098,,,,,,,,"2MASX J14050160+5339439,IRAS 14032+5353,MCG +09-23-032,PGC 050216,SDSS J140501.41+533944.4,UGC 09013",,Highly asymmetrical.,,False,300,NGC,5474,H300,galaxy
300,11521,NGC5557,G,3.7456016567095576,0.6369327002039129,Boo,2.28,1.12,97.0,11.93,11.02,9.03,8.34,8.08,22.54,E,,,,3210.0,0.010764,,,,,,,,"2MASX J14182570+3629372,MCG +06-31-093,PGC 051104,SDSS J141825.72+362936.8,UGC 09161",,,,False,301,NGC,5557,H301,galaxy
301,11530,NGC5566,G,3.7539043334053988,0.06865688945032694,Vir,5.36,2.08,35.0,11.42,10.51,8.35,7.64,7.39,23.3,SBab,,,,1540.0,0.00515,,,,,,,,"2MASX J14201994+0356009,IRAS 14178+0409,MCG +01-37-002,PGC 051233,SDSS J142019.88+035601.4,UGC 09175",,,,False,302,NGC,5566,H302,galaxy
302,11540,NGC5576,G,3.757088832069767,0.05708971983273452,Vir,2.83,1.87,91.0,11.79,10.9,8.74,7.97,7.83,22.9,E,,,,1510.0,0.00505,,,,,,,,"2MASX J14210369+0316157,MCG +01-37-007,PGC 051275,UGC 09183",,,,False,303,NGC,5576,H303,galaxy
303,11600,NGC5631,G,3.7810594749048656,0.9875533480780971,UMa,1.95,1.95,140.0,12.48,11.56,9.39,8.67,8.47,22.69,S0,,,,1974.0,0.006608,,,,,,,,"2MASX J14263328+5634575,MCG +10-21-002,PGC 051564,SDSS J142633.29+563457.4,UGC 09261",,,,False,304,NGC,5631,H304,galaxy
304,11603,NGC5634,GCl,3.794438878062446,-0.10430814830439779,Vir,4.5,,,10.69,10.05,,,,,,,-1.67,-1.55,-16.0,-5.4e-05,,,,,,,,MWSC 2222,,,,False,305,NGC,5634,H305,cluster
305,11646,NGC5676,G,3.808224797491636,0.863203002196631,Boo,3.59,1.61,46.0,11.87,11.22,8.97,8.2,7.91,22.74,Sc,,,,2100.0,0.00703,,,,,,,,"2MASX J14324685+4927281,IRAS 14310+4940,MCG +08-26-043,PGC 051978,SDSS J143246.84+492728.4,SDSS J143246.85+492728.4,UGC 09366",,,,False,306,NGC,5676,H306,galaxy
306,11662,NGC5689,G,3.820066856466417,0.8507020814292218,Boo,3.66,0.91,86.0,12.74,11.8,9.38,8.68,8.4,23.88,S0-a,,,,2156.0,0.007218,,,,,,,,"2MASX J14352967+4844293,IRAS 14337+4857,MCG +08-27-004,PGC 052154,UGC 09399",,,,False,307,NGC,5689,H307,galaxy
307,11667,NGC5694,GCl,3.8380161133821358,-0.4631812946584285,Hya,3.3,,,11.58,10.89,,,,,,0.0608,-0.43,-1.09,-140.0,-0.000465,,,,,,,,"C 066,MWSC 2238",,,,False,308,NGC,5694,H308,cluster
308,11719,NGC5746,G,3.861244264064615,0.03412118687648914,Vir,7.24,1.08,172.0,11.34,10.55,7.95,7.17,6.88,23.19,Sb,,,,1719.0,0.00575,,,,,,,,"2MASX J14445600+0157170,IRAS 14424+0209,MCG +00-38-005,PGC 052665,SDSS J144455.91+015717.8,SDSS J144455.91+015718.0,UGC 09499",,,,False,309,NGC,5746,H309,galaxy
309,11825,NGC5846,G,3.95530005745459,0.0280232003954934,Vir,4.27,4.05,35.0,11.1,10.18,7.88,7.2,6.94,23.12,E,,,,1710.0,0.00572,,,,,,,,"2MASX J15062925+0136202,MCG +00-38-025,PGC 053932,SDSS J150629.28+013620.2,UGC 09706",,Called 'NGC 5846a' in MCG.,,False,310,NGC,5846,H310,galaxy
310,11848,NGC5866,G,3.9553160563060663,0.973251829299047,Dra,6.31,2.72,126.0,10.74,9.89,7.83,7.13,6.87,23.4,S0-a,,,,757.0,0.002528,,,,,,,,"2MASX J15062956+5545479,IRAS 15051+5557,MCG +09-25-017,PGC 053933,UGC 09723",,This may be M102,,False,311,NGC,5866,H311,Spindle Galaxy
311,11880,NGC5897,GCl,4.002941728269861,-0.3666956150987331,Lib,9.9,,,10.16,8.52,,,,,,0.0582,-5.41,-3.46,101.0,0.000338,,,,,,,,MWSC 2285,,,,False,312,NGC,5897,H312,cluster
312,11890,NGC5907,G,3.9963509286820176,0.9831226358464371,Dra,11.3,1.75,156.0,11.07,10.37,7.94,7.09,6.76,23.6,SABc,,,,666.0,0.002225,,,,,5906,,,"2MASX J15155368+5619438,IRAS 15146+5629,MCG +09-25-040,PGC 054470,SDSS J151553.77+561943.5,SDSS J151553.77+561943.6,UGC 09801",,NGC 5906 is the part of NGC 5907 west of the dust lane.,,False,313,NGC,5907,H313,galaxy
313,11971,NGC5982,G,4.095693615264492,1.0359547219316676,Dra,3.07,2.0,110.0,11.98,11.07,9.08,8.36,8.15,23.26,E,,,,2882.0,0.00966,,,,,,,,"2MASX J15383977+5921212,MCG +10-22-029,PGC 055674,SDSS J153839.82+592121.0,UGC 09961",,,,False,314,NGC,5982,H314,galaxy
314,12129,NGC6118,G,4.283955736692425,-0.03985362384192829,Se1,4.45,1.78,59.0,12.44,11.71,9.72,9.02,8.7,23.65,Sc,,,,1566.0,0.005236,,,,,,,,"2MASX J16214862-0217003,IRAS 16192-0210,MCG +00-42-002,PGC 057924,SDSS J162148.62-021701.0,UGC 10350",,,,False,315,NGC,6118,H315,galaxy
315,12155,NGC6144,GCl,4.307628219113641,-0.45421708969471314,Sco,5.4,,,10.55,9.63,,,,,,0.0699,-1.75,-2.62,196.0,0.000653,,,,,,,,MWSC 2409,,This may also be IC 4606.,,False,315,NGC,6144,H316,cluster
316,12184,NGC6171,GCl,4.3307378328510895,-0.22782897797748536,Oph,7.8,,,9.96,8.85,,,,,,0.1491,-1.93,-5.98,-35.0,-0.000116,,,,107,,,,MWSC 2422,,,,False,316,NGC,6171,H317,galaxy
317,12224,NGC6207,G,4.376685807071405,0.6428469422997681,Her,3.46,1.61,17.0,11.86,11.64,10.08,9.42,9.12,22.66,Sc,,,,851.0,0.002842,,,,,,,,"2MASX J16430375+3649567,IRAS 16412+3655,MCG +06-37-007,PGC 058827,SDSS J164303.66+364955.7,UGC 10521",,,,False,318,NGC,6207,H318,galaxy
318,12235,NGC6217,G,4.331267249390861,1.3648154773566123,UMi,2.24,1.63,155.0,11.88,12.82,9.68,8.99,8.68,22.12,Sbc,,,,1363.0,0.004556,,,,,,,,"2MASX J16323921+7811535,IRAS 16350+7818,MCG +13-12-008,PGC 058477,UGC 10470",,,,False,319,NGC,6217,H319,galaxy
319,12247,NGC6229,GCl,4.393783488756255,0.8295166931920971,Her,4.8,,,9.38,9.86,7.98,7.43,7.33,,,0.0163,-1.19,-0.46,-139.0,-0.000462,,,,,,,,MWSC 2460,,,,False,320,NGC,6229,H320,cluster
320,12255,NGC6235,GCl,4.42189056191858,-0.38706942523368026,Oph,4.2,,,11.99,7.2,,,,,,0.0628,-3.96,-7.61,127.0,0.000423,,,,,,,,MWSC 2479,,,,False,321,NGC,6235,H321,cluster
321,12307,NGC6284,GCl,4.470133644105269,-0.4322191537280491,Oph,6.6,,,10.72,7.43,7.52,6.97,6.82,,,0.0542,-3.21,-2.0,28.0,9.4e-05,,,,,,,,"2MASX J17042874-2445512,MWSC 2528",,,,False,322,NGC,6284,H322,cluster
322,12310,NGC6287,GCl,4.473085432202704,-0.3963293665428723,Oph,5.4,,,11.49,10.3,7.6,7.15,6.73,,,0.0742,-5.067,-2.043,-295.0,-0.000983,,,,,,,,MWSC 2533,,,,False,323,NGC,6287,H323,cluster
323,12316,NGC6293,GCl,4.494979860448452,-0.46393905844200267,Oph,4.5,,,9.96,9.02,,,,,,0.0891,0.87,-4.31,-144.0,-0.000479,,,,,,,,MWSC 2539,,,,False,324,NGC,6293,H324,cluster
324,12327,NGC6304,GCl,4.514040310321273,-0.5142137523593805,Oph,3.6,,,10.33,9.03,,,,,,0.1109,-4.04,-1.03,-109.0,-0.000362,,,,,,,,"ESO 454-002,MWSC 2550",,,,False,325,NGC,6304,H325,cluster
325,12339,NGC6316,GCl,4.523123294636859,-0.49113613632488545,Oph,4.8,,,10.33,9.03,,,,,,0.0653,-4.97,-4.61,100.0,0.000333,,,,,,,,MWSC 2554,,,,False,326,NGC,6316,H326,cluster
326,12365,NGC6342,GCl,4.542956779924211,-0.34186491279334597,Oph,6.6,,,11.25,10.01,,,,,,0.1092,-2.94,-7.08,117.0,0.000389,,,,,,,,MWSC 2580,,,,False,327,NGC,6342,H327,cluster
327,12380,NGC6355,GCl,4.555211172934775,-0.45995388998328235,Oph,2.7,,,12.46,11.05,,,,,,0.0843,-4.61,-0.5,-194.0,-0.000647,,,,,,,,"2MASX J17235817-2621060,ESO 519-015,MWSC 2586",,The 2MASS position is for a star northwest of the cluster's core.,,False,328,NGC,6355,H328,cluster
328,12381,NGC6356,GCl,4.553490569180517,-0.3108959844714311,Oph,5.4,,,10.01,7.42,,,,,,0.0878,-3.78,-3.34,39.0,0.00013,,,,,,,,MWSC 2585,,,,False,329,NGC,6356,H329,cluster
329,12396,NGC6369,PN,4.578616765424541,-0.4146805340002305,Oph,0.63,,,12.9,11.4,12.45,11.87,11.48,,,0.8776,-0.241,-0.851,-106.0,-0.000354,,16.99,15.94,,,,HD 158269,"ESO 520-003,IRAS 17262-2343,PN G002.4+05.8",Little Ghost Nebula,,,False,330,NGC,6369,H330,Little Ghost Nebula
330,12428,NGC6401,GCl,4.619081496911509,-0.4172868923498753,Oph,4.5,,,11.31,10.71,,,,,,0.1263,-2.79,1.48,-99.0,-0.000331,,,,,,,,"ESO 520-011,MWSC 2653",,,,False,331,NGC,6401,H331,cluster
331,12453,NGC6426,GCl,4.646554433778942,0.05532936135662579,Oph,5.7,,,,,,,,,,0.0317,-1.84,-3.0,-211.0,-0.000702,,,,,,,,MWSC 2676,,,,False,332,NGC,6426,H332,cluster
332,12468,NGC6440,GCl,4.663859373312465,-0.35534176350082886,Sgr,5.1,,,12.01,10.1,,,,,,0.1144,-1.01,-3.81,-69.0,-0.000231,,,,,,,,MWSC 2701,,,,False,333,NGC,6440,H333,cluster
333,12473,NGC6445,PN,4.665487620060472,-0.34923165667780537,Sgr,0.55,,,13.2,11.2,,,,,,,,,-8.0,-2.7e-05,,19.04,19.0,,,,HD 161944,"ESO 589-009,PN G008.0+03.9",Little Gem,,,False,334,NGC,6445,H334,Box Nebula
334,12479,NGC6451,OCl,4.6717111732848755,-0.5272920862209913,Sco,7.2,,,,8.2,,,,,,0.304,-0.105,-1.335,-23.0,-7.7e-05,,,,,,,,MWSC 2718,,,,False,335,NGC,6451,H335,opej cluster
335,12544,NGC6514,Neb,4.72417795226139,-0.4009350965134129,Sgr,28.0,28.0,,6.3,8.5,,,,,,0.79,0.41,-1.69,-5.0,-1.7e-05,,,,020,,,,"LBN 27,MWSC 2789",Trifid Nebula,,,False,336,NGC,6514,H336,Triffid Nebula
336,12547,NGC6517,GCl,4.720416767723343,-0.15637277433243194,Oph,4.8,,,11.08,,7.02,6.21,6.0,,,0.0449,-1.49,-4.23,-37.0,-0.000124,,,,,,,,"2MASX J18015037-0857343,MWSC 2780",,,,False,337,NGC,6517,H337,cluster
337,12550,NGC6520,OCl,4.727234460113945,-0.48670445446586313,Sgr,5.4,,,,7.6,,,,,,0.556,0.688,-0.418,-28.0,-9.2e-05,,,,,,,,MWSC 2790,,,,False,338,NGC,6520,H338,open cluster
338,12552,NGC6522,GCl,4.727956590091957,-0.5241917027302959,Sgr,3.9,,,10.68,9.48,,,,,,0.0803,2.62,-6.4,-14.0,-4.6e-05,,,,,,,,MWSC 2792,,,,False,339,NGC,6522,H339,cluster
339,12558,NGC6528,GCl,4.733450013912609,-0.5245722814699668,Sgr,3.6,,,12.12,10.65,,,,,,0.1009,-2.17,-5.52,210.0,0.000702,,,,,,,,"ESO 456-048,MWSC 2800",,,,False,340,NGC,6528,H340,cluster
340,12570,NGC6540,GCl,4.739147059479327,-0.48455236653541794,Sgr,4.08,,,,,,,,,,,-3.8,-2.73,-18.0,-6e-05,,,,,,,,MWSC 2804,,,,False,341,NGC,6540,H341,open cluster
341,12573,NGC6543,PN,4.706090523446555,1.1629686341771492,Dra,0.9,,,9.79,9.01,8.95,9.08,8.34,,,0.6152,-0.555,-6.413,-66.0,-0.000219,,11.23,11.14,,,,"BD +66 1066,HD 164963","2MASX J17583335+6637591,C 006,IRAS 17584+6638,PN G096.4+29.9",Cat's Eye Nebula,Additional radio sources may contribute to the WMAP flux.,The fainter outer shell has a diameter of 5.5 arcmin ca.,False,342,NGC,6543,H342,Cats Eye Nebula
342,12574,NGC6544,GCl,4.744386683337919,-0.4363037089913969,Sgr,6.0,,,11.36,9.9,6.24,5.54,5.37,,,0.328,-2.34,-18.66,-38.0,-0.000127,,,,,,,,"2MASX J18071996-2459542,MWSC 2810",,,,False,343,NGC,6544,H343,cluster
343,12583,NGC6553,GCl,4.752930070026432,-0.4521774785382853,Sgr,5.4,,,9.08,,,,,,,0.2194,0.3,-0.41,1.0,2e-06,,,,,,,,MWSC 2824,,,,False,344,NGC,6553,H344,cluster
344,12598,NGC6568,OCl,4.767966808752884,-0.3774802954350147,Sgr,7.8,,,,8.6,,,,,,0.936,0.593,-1.377,-44.0,-0.000146,,,,,,,,MWSC 2841,,,,False,345,NGC,6568,H345,open cluster
345,12599,NGC6569,GCl,4.771924342831782,-0.5554975765605819,Sgr,4.5,,,10.78,9.47,,,,,,0.0868,-4.13,-7.26,-50.0,-0.000166,,,,,,,,"2MASX J18133867-3149395,ESO 456-077,MWSC 2844",,,,False,346,NGC,6569,H346,cluster
346,12615,NGC6583,OCl,4.78139711734698,-0.3863746872286502,Sgr,3.6,,,,10.0,,,,,,0.413,1.303,0.11,-2.0,-8e-06,,,,,,,,MWSC 2860,,,,False,347,NGC,6583,H347,open cluster
347,12658,NGC6624,GCl,4.815695746030755,-0.5299042623348095,Sgr,3.3,,,,,,,,,,0.1042,0.11,-6.92,54.0,0.000181,,,,,,,,"ESO 457-011,MWSC 2906",,,,False,348,NGC,6624,H348,cluster
348,12663,NGC6629,PN,4.824559836969322,-0.40496680708551985,Sgr,0.26,,,11.6,11.3,10.42,10.15,9.6,,,0.455,-1.048,4.044,13.0,4.3e-05,,13.26,12.93,,,,HD 169460,"2MASX J18254245-2312102,ESO 522-026,IRAS 18226-2313,PN G009.4-05.0",,,,False,349,NGC,6629,H349,nebula
349,12667,NGC6633,OCl,4.831306261748802,0.11358990622923984,Oph,12.0,,,5.01,4.6,,,,,,2.5232,1.158,-1.737,-29.0,-9.7e-05,,,,,,,,MWSC 2917,,,,False,350,NGC,6633,H350,open cluster
350,12674,NGC6638,GCl,4.847379289718626,-0.4449964182936909,Sgr,4.2,,,10.81,9.68,,,,,,0.0827,-2.58,-4.05,9.0,2.9e-05,,,,,,,,MWSC 2933,,,,False,351,NGC,6638,H351,cluster
351,12678,NGC6642,GCl,4.851594987082714,-0.4097359192665943,Sgr,3.9,,,11.3,10.24,,,,,,0.1181,-0.19,-3.9,-33.0,-0.000111,,,,,,,,"ESO 522-032,MWSC 2941",,,,False,352,NGC,6642,H352,cluster
352,12681,NGC6645,OCl,4.854771486321344,-0.2946794516519981,Sgr,5.4,,,,8.5,,,,,,0.543,1.34,-0.633,-4.0,-1.3e-05,,,,,,,,MWSC 2946,,,,False,353,NGC,6645,H353,open cluster
353,12701,NGC6664,OCl,4.8718938935039295,-0.14347915448332385,Sct,6.0,,,8.81,7.8,,,,,,0.468,-0.089,-2.561,19.0,6.2e-05,,,,,,,,MWSC 2962,,,,False,354,NGC,6664,H354,open cluster
354,12753,NGC6712,GCl,4.9440007171090325,-0.15193915321868523,Sct,5.7,,,9.85,8.69,,,,,,0.1378,3.32,-4.38,-107.0,-0.000358,,,,,,,,MWSC 3014,,,,False,355,NGC,6712,H355,cluster
355,12800,NGC6755,OCl,5.008298646752504,0.07446301809529474,Aql,6.0,,,8.6,7.5,,,,,,0.376,-0.734,-3.529,27.0,9e-05,,,,,,,,MWSC 3051,,,,False,356,NGC,6755,H356,cluster
356,12801,NGC6756,OCl,5.01219073098445,0.08213131608940427,Aql,3.6,,,,10.6,,,,,,0.281,-1.584,-3.631,,,,,,,,,,MWSC 3052,,,,False,357,NGC,6756,H357,open cluster
357,12827,NGC6781,PN,5.054783309717807,0.11413968494361806,Aql,1.8,,,11.8,11.4,,,,,,,,,4.0,1.4e-05,,17.1,16.78,,,,,PN G041.8-02.9,,,,False,358,NGC,6781,H358,nebula
358,12849,NGC6802,OCl,5.107636242791326,0.35362067493289,Vul,4.5,,,10.07,8.8,,,,,,0.309,-2.814,-6.438,13.0,4.5e-05,,,,,,,,MWSC 3134,,,,False,359,NGC,6802,H359,open cluster
359,12867,NGC6818,PN,5.166009506844798,-0.24701935791684412,Sgr,0.77,,,9.9,9.3,10.66,10.6,9.91,,,,,,-14.0,-4.6e-05,,16.9,,,,,"BD-14 5523,HD 186282","IRAS 19411-1416,PN G025.8-17.9",Little Gem Nebula,,,False,360,NGC,6818,H360,Little Gem Nebula
360,12872,NGC6823,Cl+N,5.162530483869156,0.40666074608731656,Vul,6.0,,,7.71,7.1,,,,,,0.446,-1.697,-5.304,17.0,5.7e-05,,,,,,,,"LBN 135,MWSC 3163",,,,False,361,NGC,6823,H361,open cluster
361,12875,NGC6826,PN,5.169673243832943,0.8818280893838162,Cyg,0.42,,,10.02,9.44,9.57,9.6,8.9,,,0.6348,-9.232,-11.522,-6.0,-2.1e-05,,10.33,10.41,,,,"BD +50 2869,HD 186924,SAO 31951,TYC 3565-00205-1","2MASX J19444814+5031304,C 015,IRAS 19434+5024,PN G083.5+12.7",Blinking Planetary,,,False,362,NGC,6826,H362,Blinking Planetary
362,12879,NGC6830,OCl,5.196687304551206,0.4031734812790957,Vul,4.2,,,8.41,7.9,,,,,,0.424,-3.213,-5.766,-31.0,-0.000103,,,,,,,,MWSC 3191,,,,False,363,NGC,6830,H363,open cluster
363,12883,NGC6834,OCl,5.201994559918312,0.5132693353085791,Cyg,4.5,,,8.46,7.8,,,,,,0.272,-2.487,-5.094,-7.0,-2.3e-05,,,,,,,,MWSC 3197,,,,False,364,NGC,6834,H364,open cluster
364,12926,NGC6866,OCl,5.25309052821149,0.7707218836429004,Cyg,5.1,,,8.04,7.6,,,,,,0.686,-1.365,-5.743,13.0,4.2e-05,,,,,,,,MWSC 3239,,,,False,365,NGC,6866,H365,open cluster
365,12945,NGC6882,OCl,5.28804656424685,0.46231687186501025,Vul,7.5,,,,14.1,,,,,,2.0817,1.26,-10.0,-18.0,-6e-05,,,,,6885,,,"C 037,MWSC 3278",,Identification as NGC 6682 is not certain.,,False,366,NGC,6882,H366,open cluster
366,12948,NGC6885,Dup,5.28804656424685,0.46231687186501025,Vul,,,,,,,,,,,,,,,,,,,,6882,,,,,,,False,367,NGC,6885,H367,galaxy
367,12970,NGC6905,PN,5.3336527448219835,0.35089020428088114,Del,0.67,,,11.9,11.1,12.95,12.85,12.1,,,0.3996,-6.938,-5.53,-4.0,-1.4e-05,,16.3,15.7,,,,HD 193949,"2MASX J20222299+2006162,IRAS 20201+1956,PN G061.4-09.5",Blue Flash Nebula,,,False,368,NGC,6905,H368,Blue Flash Nebula
368,12975,NGC6910,OCl,5.337220488701268,0.7117210282792321,Cyg,6.3,,,7.13,7.4,,,,,,0.545,-3.415,-5.359,-33.0,-0.000109,,,,,,,,MWSC 3327,,,,False,369,NGC,6910,H369,open cluster
369,13000,NGC6934,GCl,5.385176318781898,0.1292261170723846,Del,5.4,,,10.48,9.75,,,,,,0.0208,-2.66,-4.67,-406.0,-0.001354,,,,,,,,"C 047,MWSC 3369",,,,False,370,NGC,6934,H370,galaxy
370,13005,NGC6939,OCl,5.373441888444324,1.0587530852858436,Cep,12.0,,,8.85,7.8,,,,,,0.506,-1.841,-5.413,-19.0,-6.3e-05,,,,,,,,MWSC 3357,,,,False,371,NGC,6939,H371,open cluster
371,13006,NGC6940,OCl,5.386281693974828,0.4936266242047451,Vul,10.8,,,6.98,6.3,,,,,,0.947,-1.954,-9.413,8.0,2.6e-05,,,,,,,,MWSC 3370,,,,False,372,NGC,6940,H372,open cluster
372,13013,NGC6946,G,5.388145560171854,1.0498839038036256,Cyg,11.4,10.84,52.0,9.76,9.05,6.27,5.91,5.37,23.73,SABc,,,,45.0,0.00015,,,,,,,,"2MASX J20345233+6009132,C 012,IRAS 20338+5958,MCG +10-29-006,PGC 065001,UGC 11597",Fireworks Galaxy,,,False,373,NGC,6946,H373,Fireworks Galaxy
373,13068,NGC7000,HII,5.494670276626285,0.777173784111106,Cyg,120.0,30.0,,4.0,,,,,,,,,,,,,,,,,,,"C 020,LBN 373",North America Nebula,,,False,374,NGC,7000,H374,N. American Nebula
374,13074,NGC7006,GCl,5.504277586937992,0.2825256574802632,Del,4.2,,,,10.46,9.56,9.02,9.0,,,,-0.08,-0.61,-383.0,-0.001278,,,,,,,,"2MASX J21012946+1611164,C 042,MWSC 3446",,,,False,375,NGC,7006,H375,galaxy
375,13076,NGC7008,PN,5.500172427093196,0.9519583276110349,Cyg,1.43,,,13.3,10.7,11.87,11.52,11.41,,,15.7,,,-73.0,-0.000243,12.99,13.75,13.23,,,,BD +53 2533C,"IRAS 20590+5420,PN G093.4+05.4",,,,False,376,NGC,7008,H376,Fetus Nebula
376,13077,NGC7009,PN,5.516025107244957,-0.19832612622724563,Aqr,0.7,0.52,70.0,8.3,8.0,9.33,9.46,8.75,,,0.8665,7.75,1.002,-47.0,-0.000155,,12.66,12.78,,,,"BD -11 5511,HD 200516,HIP 103992,TYC 5779-01804-1","2MASX J21041082-1121481,C 055,IRAS 21014-1133,PN G037.7-34.5",Saturn Nebula,,,False,377,NGC,7009,H377,Saturn Nebula
377,13114,NGC7044,OCl,5.555194658982839,0.7416985126232781,Cyg,6.0,,,,12.0,,,,,,0.273,-4.976,-5.526,-49.0,-0.000162,,,,,,,,MWSC 3485,,,,False,378,NGC,7044,H378,open cluster
378,13132,NGC7062,OCl,5.600141977765346,0.8094580119498712,Cyg,3.6,,,8.99,8.3,,,,,,0.398,-1.914,-4.045,-22.0,-7.4e-05,,,,,,,,MWSC 3505,,,,False,379,NGC,7062,H379,open cluster
379,13159,NGC7086,OCl,5.630690330218898,0.9005991054890151,Cyg,4.8,,,9.25,8.4,,,,,,0.59,-1.656,-1.629,-20.0,-6.7e-05,,,,,,,,MWSC 3520,,,,False,380,NGC,7086,H380,open cluster
380,13205,NGC7128,OCl,5.68961410020727,0.9375060317771597,Cyg,3.0,,,10.54,9.7,,,,,,0.261,-4.026,-4.111,-48.0,-0.00016,,,,,,,,MWSC 3554,,,,False,381,NGC,7128,H381,open cluster
381,13219,NGC7142,OCl,5.694828271347603,1.147980619225648,Cep,9.6,,,10.36,9.3,,,,,,0.392,-2.747,-1.288,-50.0,-0.000166,,,,,,,,MWSC 3557,,,,False,382,NGC,7142,H382,open cluster
382,13237,NGC7160,OCl,5.731971786712129,1.0926338045765023,Cep,4.2,,,6.34,6.1,,,,,,1.05,-3.472,-1.378,-20.0,-6.8e-05,,,,,,,,MWSC 3572,,,,False,383,NGC,7160,H383,open cluster
383,13290,NGC7209,OCl,5.781973288120201,0.8112906076644654,Lac,6.0,,,8.24,7.7,,,,,,0.82,2.255,0.283,-10.0,-3.2e-05,,,,,,,,MWSC 3585,,,,False,384,NGC,7209,H384,open cluster
384,13298,NGC7217,G,5.793939701804188,0.5473236178970752,Peg,4.52,3.84,90.0,11.03,10.47,7.78,7.08,6.83,22.93,Sab,,,,948.0,0.003166,,,,,,,,"2MASX J22075236+3121333,IRAS 22056+3106,MCG +05-52-001,PGC 068096,UGC 11914",,,,False,385,NGC,7217,H385,galaxy
385,13328,NGC7243,OCl,5.8256603337386625,0.8708756635138706,Lac,15.0,,,6.54,6.4,,,,,,1.116,0.433,-2.857,-13.0,-4.2e-05,,,,,,,,"C 016,MWSC 3602",,,,False,386,NGC,7243,H386,open cluster
386,13387,NGC7296,Dup,5.881966109849044,0.9126166670163582,Lac,,,,,,,,,,,,,,,,,,,,7295,,,,,,,False,387,NGC,7296,H387,open cluster
387,13425,NGC7331,G,5.921321102819951,0.6006642735337896,Peg,9.27,3.76,170.0,10.2,9.41,7.06,6.29,6.03,23.08,Sbc,,,,818.0,0.002732,,,,,,,,"2MASX J22370410+3424573,C 030,IRAS 22347+3409,MCG +06-49-045,PGC 069327,SDSS J223704.05+342456.8,UGC 12113",,"HOLM 795H is a double star; HOLM 795G,I are stars.",,False,388,NGC,7331,H388,galaxy
388,13475,NGC7380,Cl+N,5.966190609006638,1.0146020729745602,Cep,25.0,20.0,,7.62,7.2,,,,,,0.333,-2.517,-2.144,-34.0,-0.000114,,,,,,,,"LBN 511,MWSC 3659",,,,False,389,NGC,7380,H389,Wizard Nebula
389,13547,NGC7448,G,6.021646991547714,0.2789094322328672,Peg,2.07,0.81,171.0,12.1,11.69,9.94,9.33,9.01,21.66,Sc,,,,2182.0,0.007305,,,,,,,,"2MASX J23000358+1558493,IRAS 22575+1542,MCG +03-58-018,PGC 070213,SDSS J230003.60+155848.8,UGC 12294",,,,False,390,NGC,7448,H390,galaxy
390,13582,NGC7479,G,6.042958916155609,0.2150749844685368,Peg,3.65,2.72,26.0,11.73,11.09,9.19,8.51,8.2,23.04,SBbc,,,,2369.0,0.007935,,,,,,,,"2MASX J23045666+1219223,C 044,IRAS 23024+1203,MCG +02-58-060,PGC 070419,SDSS J230456.65+121922.3,UGC 12343",,,,False,391,NGC,7479,H391,galaxy
391,13614,NGC7510,OCl,6.069657363167471,1.0571614419707611,Cep,3.9,,,8.77,7.9,,,,,,0.286,-3.664,-2.193,64.0,0.000213,,,,,,,,MWSC 3706,,,,False,392,NGC,7510,H392,open cluster
392,13721,NGC7606,G,6.104636670259524,-0.14809264147276216,Aqr,5.26,4.47,145.0,11.59,11.0,8.62,7.69,7.64,23.81,Sb,,,,2235.0,0.007482,,,,,,,,"2MASX J23190480-0829065,IRAS 23164-0845,MCG -02-59-012,PGC 071047,SDSS J231904.77-082906.3,SDSS J231904.78-082906.3",,,,False,393,NGC,7606,H393,galaxy
393,13783,NGC7662,PN,6.134388716241853,0.7423748277084258,And,0.28,,,9.2,8.3,,,,,,12.1,12.2,-1.0,-12.0,-4.1e-05,,13.6,13.2,,,,"BD +41 4773,HD 220733","2MASX J23255415+4232111,C 022,IRAS 23234+4215,PN G106.5-17.6",Copeland's Blue Snowball,,,False,394,NGC,7662,H394,Blue Snowball
394,13807,NGC7686,OCl,6.152822302025,0.8575520139296183,And,3.6,,,6.79,5.6,,,,,,,-1.15,-1.21,6.0,2e-05,,,,,,,,MWSC 3734,,,,False,395,NGC,7686,H395,open cluster
395,13847,NGC7723,G,6.191343173057558,-0.22621357879202839,Aqr,3.29,2.32,55.0,11.94,11.21,9.17,8.61,8.28,23.0,SBb,,,,1871.0,0.006261,,,,,,,,"2MASX J23385709-1257396,IRAS 23363-1314,MCG -02-60-005,PGC 072009",,,,False,396,NGC,7723,H396,galaxy
396,13851,NGC7727,G,6.195462150092265,-0.21454944643821405,Aqr,3.61,2.75,27.0,11.57,10.64,8.55,7.97,7.69,22.97,SABa,,,,1832.0,0.006131,,,,,,,,"2MASX J23395386-1217348,MCG -02-60-008,PGC 072060",,,,False,397,NGC,7727,H397,galaxy
397,13918,NGC7789,OCl,6.271845030364753,0.9897461603577555,Cas,14.4,,,7.68,6.7,,,,,,0.453,-0.922,-1.933,-54.0,-0.000182,,,,,,,,MWSC 3779,,,,False,398,NGC,7789,H398,Carolines Rose
398,13919,NGC7790,OCl,6.276222897905172,1.0682864615111816,Cas,3.6,,,9.18,8.5,,,,,,0.269,-3.276,-1.677,-80.0,-0.000267,,,,,,,,MWSC 3781,,,,False,399,NGC,7790,H399,open cluster
399,13943,NGC7814,G,0.014172800746715621,0.28179067993970114,Peg,4.37,1.88,135.0,11.59,10.6,8.09,7.36,7.08,23.03,Sab,,,,1049.0,0.003505,,,,,,,,"2MASX J00031494+1608428,C 043,MCG +03-01-020,PGC 000218,SDSS J000315.04+160844.7,SDSS J000315.04+160844.8,UGC 00008",,Multiple SDSS entries describe this object.,,False,400,NGC,7814,H400,galaxy
